,Exited
13612,1
4440,0
723,0
15459,1
10618,1
9708,0
352,0
15324,1
7607,0
10272,1
933,1
9796,0
11814,1
632,0
9610,0
9458,0
4856,0
13048,1
7997,0
11658,1
5833,1
2045,0
10670,1
15567,1
10321,1
5177,1
2281,0
13641,1
7590,1
2829,0
10507,1
14978,1
4520,1
1911,0
14011,1
3193,1
12282,1
8856,0
3930,1
8585,1
1079,0
13040,1
3404,0
12508,1
8286,0
4681,0
13503,1
7349,0
13859,1
5525,0
3833,0
13279,1
8050,0
7357,0
977,0
4381,0
3749,0
7089,0
15045,1
8354,0
10379,1
3821,0
13359,1
9292,0
7304,0
12005,1
9332,1
2308,0
11810,1
9033,0
3095,0
9438,1
8057,0
14044,1
3443,1
13087,1
4794,0
7093,1
6939,0
11962,1
1702,0
6955,0
8994,0
12119,1
12203,1
14802,1
10015,1
7440,0
9522,0
11902,1
2737,0
15101,1
1011,0
9301,0
4256,0
11064,1
14123,1
13338,1
8918,1
15870,1
5507,1
4545,0
1914,0
1553,0
5054,0
8926,0
1228,0
7143,0
4703,0
6909,0
10336,1
9874,0
4724,0
6905,0
13659,1
11574,1
7731,1
2160,0
2482,0
13782,1
8412,1
1294,0
14661,1
15759,1
2815,0
6333,0
4651,0
4796,0
14206,1
15635,1
15806,1
3991,1
6717,1
8950,0
1779,0
11249,1
340,1
15624,1
1635,0
14136,1
5176,0
5252,0
8120,0
1946,0
11857,1
1987,1
8233,0
532,0
8000,0
4673,0
7282,1
12930,1
3074,1
358,0
12523,1
710,0
4108,0
2092,1
1166,0
4208,0
10573,1
13699,1
8595,1
15396,1
6988,0
14111,1
5418,0
4466,0
7773,1
3203,0
14001,1
13467,1
2949,0
5220,1
13482,1
3198,0
9106,1
33,0
3738,0
3061,0
7581,0
3277,0
12619,1
7246,0
6693,0
15864,1
1002,0
12918,1
5463,0
1879,0
14946,1
15125,1
1854,1
6210,0
13373,1
13818,1
8036,0
309,0
2802,1
15416,1
10018,1
14427,1
11424,1
14436,1
10894,1
4318,0
13306,1
9947,1
11239,1
5573,0
4827,1
10679,1
8432,1
3714,0
10305,1
7422,0
9952,0
10775,1
10362,1
9986,0
1067,0
2221,1
15436,1
11263,1
13705,1
8405,0
14840,1
4171,0
4272,0
14152,1
12892,1
1198,0
11297,1
6024,0
9490,0
15458,1
9280,0
15162,1
14431,1
11680,1
15189,1
3068,0
2474,1
13934,1
6820,0
13592,1
15518,1
6189,0
2345,0
9571,1
3824,0
3689,0
1451,0
1397,1
9617,0
11217,1
15587,1
4522,0
2868,1
1187,1
8258,0
8803,0
13265,1
6127,0
7780,0
660,0
14649,1
4357,0
1707,0
7976,0
4182,1
1013,0
12409,1
3139,0
169,0
15296,1
11603,1
4063,0
1519,1
13908,1
2515,1
384,0
3881,0
15525,1
2300,0
9211,0
6301,0
11312,1
9943,0
12565,1
5822,0
12713,1
13800,1
9592,0
1799,0
1994,1
270,0
4661,0
3734,0
11116,1
13003,1
5610,0
7975,0
12467,1
2187,0
14920,1
3715,1
7721,0
3498,0
12949,1
3548,0
5882,1
2339,0
6435,0
14199,1
15680,1
12864,1
470,0
3506,0
4054,1
14106,1
12577,1
3955,0
15142,1
11433,1
6251,0
10949,1
5147,0
15512,1
15644,1
5904,1
8091,0
5485,0
8604,0
6605,0
10742,1
14733,1
12448,1
7857,0
6041,0
10116,1
9814,0
4457,0
10464,1
5575,0
5317,0
5134,1
6720,0
2550,0
9726,0
9626,0
9220,1
2919,0
15451,1
6777,0
7532,0
6376,1
3756,0
6858,0
1502,0
12977,1
8391,0
523,0
12422,1
6896,0
9596,0
15822,1
10207,1
1598,1
14314,1
10874,1
15293,1
3905,0
9628,0
14238,1
8672,0
2211,0
901,0
9953,0
2510,0
7392,0
6918,0
7557,0
12266,1
7072,0
883,1
939,0
2602,0
6806,0
10562,1
342,0
3337,1
1576,0
1631,1
4664,0
551,1
2408,0
13558,1
265,0
12814,1
2430,1
2857,0
5044,0
3620,0
6331,0
4885,0
2342,0
10690,1
11964,1
15595,1
4092,0
9429,0
6708,0
11078,1
11728,1
7891,0
2402,0
14806,1
6019,0
59,0
15733,1
8002,0
7889,0
5842,0
14584,1
8115,0
13950,1
619,0
12725,1
942,1
50,0
1449,0
13548,1
5218,0
14952,1
5494,1
7643,0
9644,0
8865,0
853,0
15187,1
4257,0
7367,0
15755,1
3822,0
14777,1
6753,0
1531,0
5929,0
14358,1
12368,1
7981,0
11650,1
4678,0
1834,0
13078,1
14114,1
223,1
7238,1
12038,1
10601,1
15253,1
3261,0
5039,0
10809,1
11320,1
3468,0
7108,0
2441,0
2718,0
3500,0
1172,0
6706,0
735,0
12354,1
7664,0
12317,1
8970,0
5592,0
12958,1
148,0
4502,1
15080,1
13785,1
2375,0
12668,1
9006,0
8487,0
6775,1
14743,1
9792,0
5607,0
13032,1
12116,1
1765,0
4026,1
8207,0
7848,0
1679,0
9431,0
10804,1
12873,1
5716,0
547,0
4375,0
7930,0
9934,1
2741,0
10707,1
7370,0
11744,1
6894,0
9388,0
13372,1
5565,0
13190,1
7430,0
7996,0
4642,0
12626,1
8063,0
12395,1
219,1
3902,1
1693,0
15084,1
10344,1
12100,1
2498,0
9855,0
12128,1
333,1
9572,1
15817,1
3442,0
10906,1
27,0
8201,0
15746,1
4403,1
6187,0
10847,1
5987,0
8609,0
3613,0
1318,1
13015,1
6416,0
12189,1
1571,0
8242,1
11401,1
4773,0
9344,0
493,1
7956,0
1500,1
11195,1
13881,1
9443,1
11034,1
9528,0
11278,1
2324,0
454,0
11207,1
3189,0
14536,1
10535,1
5918,0
4341,0
10901,1
5056,0
11500,1
2793,0
209,0
7865,0
13110,1
7049,1
5678,0
5541,0
7320,0
14998,1
7147,0
2601,0
8017,0
10423,1
7908,0
5190,0
14071,1
6671,0
1402,0
11201,1
385,0
12482,1
15664,1
3724,1
15551,1
14302,1
5941,0
10684,1
10312,1
10672,1
7394,0
1713,0
7723,0
4752,0
10021,1
13891,1
5846,0
15338,1
9503,0
11446,1
2001,0
14732,1
9196,0
6747,0
15774,1
13811,1
10869,1
6441,0
5599,1
13222,1
4516,1
12248,1
10821,1
13472,1
12493,1
6296,0
11373,1
13076,1
1231,0
6875,1
5745,0
5618,0
11549,1
9172,0
11186,1
10875,1
4749,0
11265,1
11051,1
8960,1
12995,1
985,0
8541,0
4902,0
4799,1
2312,1
4632,0
2475,0
3958,0
9812,0
2477,1
7597,0
2332,0
11006,1
834,0
8321,0
7844,0
5312,0
10624,1
14099,1
4782,0
12445,1
1300,0
12204,1
206,1
12638,1
6969,0
1771,0
10182,1
15372,1
7134,0
8498,0
396,0
14755,1
1890,0
14615,1
2140,0
6880,0
9359,1
13745,1
3153,0
768,0
3936,0
12613,1
6340,0
3683,1
2772,0
5526,0
829,0
12319,1
7503,0
15570,1
488,0
14493,1
1453,0
4053,0
6000,1
8812,0
6778,0
8861,0
1921,1
12914,1
6212,0
6915,0
12311,1
15076,1
9020,0
8555,0
421,0
8244,0
11347,1
12531,1
8765,0
6888,0
14589,1
15147,1
104,1
14046,1
10694,1
14930,1
10296,1
4368,0
14153,1
30,1
15557,1
673,0
3360,0
6183,0
865,0
6823,1
14274,1
9010,1
2844,0
4410,0
2903,0
11103,1
13896,1
15566,1
1549,1
8146,0
9973,0
15868,1
6018,0
14253,1
4423,0
11170,1
7680,0
2374,0
13904,1
5961,0
10590,1
9233,0
5270,0
1956,1
4273,0
5427,0
8699,0
6104,1
559,0
8384,0
4245,0
13443,1
15109,1
7636,1
2415,0
2805,1
13582,1
5574,0
9738,1
9224,0
9890,0
5114,1
15877,1
2258,0
524,0
10417,1
14669,1
15534,1
8854,0
4937,0
15212,1
8393,1
5099,1
14140,1
1534,1
10771,1
9175,0
11030,1
5068,0
725,0
2819,0
10033,1
445,0
8213,0
8616,0
3298,0
3063,0
11510,1
12665,1
14749,1
6642,0
3122,0
8903,0
11248,1
11236,1
7598,1
11879,1
10002,1
8219,0
4338,0
6771,0
8573,0
15113,1
2607,0
4636,0
4401,0
14499,1
11033,1
14207,1
3788,0
10577,1
2202,0
13127,1
6702,1
2958,0
2286,0
10655,1
12595,1
11101,1
15633,1
8474,0
1859,0
6402,0
11695,1
11098,1
13808,1
2280,0
13596,1
9747,1
2553,1
10614,1
12372,1
8125,0
15917,1
10007,1
6255,1
4604,0
15263,1
4248,0
5341,0
13840,1
11589,1
11169,1
9718,1
9057,0
2664,0
13161,1
1460,0
456,0
3296,0
5788,1
11306,1
8252,0
311,0
7019,0
12699,1
11237,1
6460,0
13629,1
5185,1
8316,0
13963,1
3362,0
2826,0
9028,0
14764,1
1335,1
4320,0
361,1
2804,0
8598,0
10275,1
8475,1
9184,0
2167,0
14641,1
7705,1
5870,0
15634,1
11896,1
3690,0
5416,0
11646,1
10644,1
6749,0
4680,0
5113,0
5100,0
13361,1
14292,1
11202,1
4982,0
3606,0
14575,1
11667,1
13836,1
4300,0
9264,0
6098,0
12414,1
7204,0
8399,0
87,0
5489,0
4412,0
9123,0
10073,1
8947,0
2429,0
1658,0
2421,0
12679,1
15720,1
3281,0
3605,0
7872,0
1383,0
5428,0
10769,1
14498,1
15419,1
4418,0
7642,0
8320,0
1445,0
13031,1
14703,1
5271,1
8181,0
14246,1
11871,1
7102,0
348,0
10285,1
5287,0
3109,1
8980,0
14680,1
6670,0
11725,1
1762,0
7336,0
12376,1
6976,0
5451,0
4894,0
15456,1
9570,0
5676,0
7484,0
11542,1
3276,0
1119,0
7881,0
4260,1
10967,1
1348,0
13589,1
3776,0
302,0
2850,0
2073,0
7288,0
4306,0
6824,0
15869,1
9936,0
7360,0
11307,1
10728,1
2925,0
6965,0
9963,0
5907,0
12886,1
11697,1
12296,1
39,0
2956,0
12755,1
4712,1
6199,0
12989,1
3530,1
4504,0
15684,1
7566,1
3389,1
11002,1
10787,1
5735,0
12740,1
13609,1
8048,0
13254,1
4511,1
15098,1
13970,1
3612,0
13942,1
10635,1
6274,1
6774,1
11864,1
9424,0
13730,1
12999,1
8839,0
7131,0
11925,1
12105,1
13827,1
10580,1
10214,1
1756,0
10503,1
4753,0
2207,0
435,0
10032,1
11057,1
13364,1
13604,1
12498,1
5843,0
6077,0
9110,0
5095,0
2296,1
11281,1
10066,1
1644,0
568,0
10454,1
3937,0
6789,0
10927,1
4011,0
1743,0
4399,1
5935,0
8821,0
14542,1
3898,1
2413,0
13537,1
8667,0
6386,1
4638,0
5970,0
419,0
6454,0
12878,1
4540,0
2672,0
1961,0
6205,1
10057,1
12332,1
6054,1
824,0
6243,0
5462,0
8338,0
13156,1
7248,1
4187,0
15688,1
12822,1
13918,1
13276,1
5672,0
1676,1
11759,1
11862,1
1496,0
2898,1
7989,0
7672,0
11890,1
9800,1
15216,1
10873,1
116,0
9974,0
928,0
13987,1
9149,0
10852,1
8766,0
4091,0
9670,0
3934,0
792,0
8128,0
3031,0
6257,0
5631,0
11396,1
11663,1
9956,1
12939,1
9588,0
58,1
9411,1
3696,0
2677,0
14950,1
2173,0
2514,0
13880,1
11881,1
846,0
84,0
10136,1
14525,1
1455,0
6830,0
8512,0
11507,1
3279,0
5471,1
10714,1
13166,1
11664,1
2337,0
3567,0
2380,0
4449,0
4447,1
9290,0
11194,1
7153,0
107,0
7529,0
2114,0
6468,0
8780,1
5921,0
12329,1
3440,1
6298,1
3388,0
7166,0
15600,1
11953,1
3155,0
11257,1
1457,0
565,0
241,0
7554,1
2383,0
4227,0
12132,1
13447,1
11168,1
8666,0
14640,1
5222,0
11234,1
4487,0
2778,0
6246,1
6600,1
6540,0
12746,1
2807,0
10511,1
8312,0
541,0
4207,0
3745,0
6966,0
5663,0
7269,1
32,0
13319,1
3407,0
13165,1
5251,0
10370,1
4653,1
1582,0
363,0
6397,0
2947,0
12783,1
9595,0
2484,0
13448,1
14262,1
7656,0
7874,0
15390,1
12024,1
5920,0
5503,0
1957,1
8643,0
8279,0
4017,1
8223,0
12841,1
3220,0
2346,1
5141,0
271,1
10579,1
10925,1
14865,1
7781,0
11859,1
1670,1
6429,0
832,0
10080,1
11073,1
15070,1
7933,0
15023,1
8539,0
13523,1
3226,0
3888,0
6599,1
7076,0
7434,0
4698,0
698,0
11821,1
1270,0
6897,1
15235,1
11794,1
14301,1
4845,0
14094,1
13263,1
1940,1
11544,1
11393,1
7379,0
2579,1
1591,0
15714,1
2264,0
10657,1
10882,1
15876,1
550,0
5570,1
7740,1
5142,0
5792,0
11261,1
14457,1
11578,1
1633,0
11352,1
6794,0
4230,0
14286,1
10950,1
10966,1
2817,0
11241,1
8706,1
5382,0
4899,1
4013,1
2241,1
8275,0
4172,0
10885,1
3781,0
11575,1
12897,1
10572,1
4704,0
15286,1
13708,1
3141,1
5472,0
5670,0
8089,0
15039,1
5305,0
13706,1
1351,1
12680,1
15880,1
8781,0
234,0
12654,1
9420,0
12196,1
13035,1
15180,1
8877,0
14399,1
2673,0
12061,1
4652,0
6559,0
14845,1
8742,0
6873,0
5554,0
11417,1
4043,0
10677,1
3467,0
2223,0
13994,1
2391,0
13288,1
8676,0
6451,0
4325,0
9038,1
9386,0
13452,1
15480,1
8375,0
11457,1
2951,1
12294,1
6410,0
12474,1
7810,0
6087,1
8209,0
13045,1
1016,0
7098,1
4132,0
12554,1
15079,1
2878,0
3735,0
7381,1
14613,1
859,1
9308,0
5457,0
11735,1
10652,1
12480,1
6992,1
13424,1
6534,0
12393,1
12384,1
15057,1
9518,0
1567,1
7457,1
992,0
993,0
9325,0
8142,0
6743,1
1908,0
9681,0
2462,1
393,1
6288,0
4126,0
10026,1
15105,1
12025,1
4185,0
5960,1
11975,1
15407,1
13193,1
499,1
2395,1
2366,0
1724,0
2542,1
9336,0
10877,1
5121,0
11809,1
5774,0
3557,0
14461,1
10164,1
12443,1
2823,0
5288,0
15770,1
416,1
7265,0
1045,0
3,0
13481,1
1201,1
11255,1
8291,0
4145,0
1104,0
1981,0
1551,0
14200,1
8438,1
14856,1
1842,0
6043,0
11111,1
14882,1
10169,1
15796,1
7683,0
13790,1
15630,1
8818,0
13251,1
9948,0
5855,1
11367,1
767,1
12455,1
9307,0
5978,0
12391,1
8927,0
10442,1
9460,0
625,0
7707,0
2442,0
4733,0
331,0
14359,1
12987,1
8968,0
6057,0
10023,1
13764,1
418,0
13644,1
7655,0
3004,0
7629,1
5825,1
9375,1
7233,0
11800,1
14470,1
10953,1
5697,0
8174,0
8517,0
1213,0
505,0
4307,0
6895,1
15044,1
10605,1
3778,0
14638,1
4592,1
9309,0
14151,1
5467,0
2115,1
9629,0
12423,1
9179,0
6843,0
6035,0
10446,1
1823,1
6934,0
6406,0
10473,1
4742,0
13593,1
4201,0
8782,0
8397,1
15426,1
2232,0
13109,1
2132,1
11966,1
9573,0
7863,0
15350,1
13286,1
10941,1
5206,0
14742,1
6815,0
15090,1
9406,0
11438,1
5401,0
3688,0
2960,0
11463,1
11732,1
11873,1
9027,0
8802,0
8237,0
7112,0
4162,0
9453,0
9734,0
5648,0
7614,0
4004,0
48,0
3463,1
6518,1
645,1
13188,1
12758,1
2533,0
10213,1
10616,1
1113,1
2630,0
659,0
1843,0
9287,0
2215,0
14323,1
7441,0
6607,0
12159,1
14241,1
15605,1
10705,1
1507,0
7105,0
3293,0
9059,0
4047,0
772,0
424,0
2635,0
7960,0
8989,0
6651,0
8529,0
5509,0
14863,1
15072,1
3430,0
1099,0
10611,1
12141,1
12853,1
1866,0
14245,1
12325,1
12178,1
1394,0
11935,1
5732,0
529,0
1473,0
7177,0
5748,0
1224,0
4058,0
2678,0
715,0
15353,1
1546,0
12463,1
9107,0
7018,1
14147,1
12104,1
4992,1
257,0
14820,1
1989,0
13787,1
8077,0
11443,1
14980,1
3007,1
15460,1
14651,1
10523,1
10394,1
6409,0
11149,1
5506,0
13518,1
771,0
8247,0
9740,0
15852,1
5612,0
479,0
10054,1
1260,1
1655,0
1177,0
5944,0
11557,1
1541,0
10990,1
4623,0
4266,1
1084,0
7408,0
115,0
13846,1
9049,0
7277,0
5403,0
5497,0
15245,1
7209,1
15745,1
14220,1
12171,1
594,0
3943,0
10806,1
7402,0
9261,0
15013,1
14970,1
3015,0
6072,0
212,0
2927,0
6575,1
12906,1
2561,0
5615,0
4958,0
9517,0
13007,1
13389,1
15066,1
13077,1
2511,0
1595,0
11326,1
7540,0
1611,1
11743,1
4255,0
5159,0
3674,0
10008,1
6151,0
10935,1
6278,0
8862,1
15673,1
1326,0
12839,1
6511,1
11232,1
11599,1
9080,0
40,0
2745,0
9872,0
14994,1
6008,0
1581,0
5659,1
11807,1
5215,1
3086,0
15392,1
15612,1
6048,0
13438,1
9482,1
10119,1
5366,0
10491,1
5226,0
5729,0
14401,1
11897,1
10965,1
1356,0
247,0
7562,0
3876,0
10647,1
15021,1
13872,1
11924,1
14842,1
4966,0
6487,0
3967,0
7637,0
13129,1
4875,0
6797,0
7569,0
4002,0
6517,0
13446,1
4993,0
11164,1
15179,1
14013,1
13247,1
2763,0
2572,0
11154,1
5306,1
3782,1
15790,1
15734,1
15314,1
5400,0
8746,0
5101,0
13042,1
9198,0
12738,1
9254,0
7469,0
10585,1
13241,1
7986,0
12614,1
415,0
7044,0
8324,0
14940,1
9464,0
15448,1
10734,1
1746,1
13678,1
8358,1
8094,0
1604,0
9830,0
3859,0
14699,1
6987,0
5051,0
14061,1
7310,1
13371,1
5572,0
2877,0
1371,0
13922,1
5812,0
10425,1
15753,1
3623,0
5701,1
15322,1
4098,0
2992,0
12139,1
15561,1
13615,1
9643,0
15608,1
6866,0
3242,0
3494,0
1173,0
1358,0
1360,0
13525,1
4434,0
164,1
5837,0
9320,0
11225,1
4635,0
9778,0
5703,0
13441,1
7947,0
112,0
1296,0
10789,1
12297,1
3366,0
13723,1
518,1
9794,0
10685,1
3288,0
9316,1
709,0
10042,1
14697,1
5758,1
10153,1
7599,1
1558,0
11689,1
4226,0
647,0
7882,1
3224,1
12925,1
972,0
9445,1
5304,0
3064,0
7696,1
12875,1
7016,0
3373,0
7560,0
9348,0
10140,1
8505,0
5910,0
8470,0
9527,1
3912,0
13786,1
10006,1
6892,1
5736,0
12593,1
11584,1
11429,1
15558,1
10049,1
888,0
5491,1
8760,0
10115,1
3655,0
9124,0
7273,0
1029,0
4028,0
8249,0
13494,1
12373,1
14851,1
15780,1
4044,0
6630,0
7015,0
9779,0
6767,0
9231,0
8046,0
1462,1
3245,1
11413,1
9904,0
13860,1
15287,1
5980,0
7694,0
8949,0
3142,0
2707,0
1365,1
5404,0
7732,0
8725,0
9602,1
1568,0
6081,1
13426,1
6254,0
6557,0
10143,1
11276,1
11830,1
1967,0
5897,0
13858,1
8215,1
10826,1
13499,1
10431,1
2604,0
2946,0
5093,1
339,1
13333,1
5813,0
6289,1
15597,1
3426,0
4066,0
12703,1
6751,1
15211,1
11669,1
5620,0
1945,1
15511,1
11522,1
15386,1
3110,1
5102,0
13309,1
14759,1
11439,1
14384,1
11088,1
2786,1
14564,1
3554,0
3523,0
4392,0
2417,0
4809,0
15188,1
3933,0
3744,1
14423,1
15922,1
5674,0
5939,0
11572,1
3753,0
5725,0
7409,0
9199,1
1091,0
578,0
4301,0
7164,0
9924,1
12854,1
13711,1
9134,0
11799,1
5347,1
9750,1
15537,1
9811,0
9291,0
14827,1
6195,0
1873,0
6780,0
3040,0
13742,1
12667,1
5899,0
6092,0
743,1
14747,1
7502,1
12043,1
13907,1
9996,0
13718,1
9381,0
796,0
983,1
4654,1
8983,0
10892,1
12573,1
13125,1
4416,0
9743,0
7836,0
8178,0
8682,0
9319,0
8065,1
11982,1
1440,1
4121,0
14230,1
10196,1
2886,0
5243,1
6977,0
4690,0
616,0
4342,1
5598,0
14452,1
6532,0
14793,1
5932,0
11784,1
12079,1
5718,0
3114,1
12606,1
7207,0
8767,0
2251,0
7588,0
14966,1
3878,0
260,0
5496,0
13509,1
4114,1
10142,1
8556,0
4986,0
6004,0
11416,1
3090,1
8414,0
1439,0
8385,0
11512,1
8772,0
5131,0
8549,0
7625,0
2226,0
9891,0
11984,1
4007,0
13111,1
10764,1
13543,1
9853,0
10290,1
6404,1
6627,1
10660,1
9515,0
2610,0
7990,0
15019,1
1529,0
4950,0
15837,1
15283,1
11080,1
14491,1
3754,0
15200,1
5763,0
6063,0
2217,0
3793,1
4198,1
3046,1
5424,1
4164,0
7662,1
11854,1
818,0
9999,0
11013,1
10065,1
5520,0
6027,0
9273,0
8026,0
4686,1
1974,0
4261,0
12123,1
15472,1
5628,0
3809,0
12249,1
3711,1
13118,1
4269,0
15651,1
6297,0
8652,0
13433,1
1426,0
4553,0
5202,1
12778,1
6654,0
3370,1
8218,0
2704,0
114,1
6149,0
5802,0
8741,0
9826,0
2996,0
3449,0
15772,1
5666,1
7017,1
4763,0
11341,1
10883,1
2106,1
986,0
750,0
2920,0
11960,1
11090,1
10795,1
11486,1
15363,1
12506,1
5026,0
2710,0
8914,0
15816,1
13267,1
651,0
13390,1
15758,1
1983,0
14299,1
12118,1
1395,0
7027,0
9645,0
6700,0
5082,1
1102,0
8788,0
4800,0
2453,0
5426,0
11932,1
5006,0
8789,0
13232,1
2238,0
1014,0
11246,1
13181,1
4037,1
11792,1
7340,0
15049,1
8684,0
11324,1
2512,0
9436,0
4250,0
1116,0
653,1
3460,0
168,1
8454,0
10504,1
7224,0
5331,1
3816,0
3478,0
2506,0
9920,1
2979,0
8261,0
10721,1
13717,1
9868,0
5172,0
13569,1
9930,0
7010,0
9748,1
807,0
1267,0
15041,1
9297,0
14271,1
2055,0
6699,0
7104,0
2472,0
11903,1
4727,0
4471,1
3322,0
3018,0
6544,0
8016,0
15266,1
9162,1
11723,1
7472,0
7579,0
11271,1
12650,1
10558,1
11856,1
1306,1
3823,0
6232,1
15400,1
3097,0
4780,0
8656,0
14974,1
1073,0
5720,0
8256,0
15766,1
8999,0
705,1
1190,0
1143,0
13618,1
4515,0
3841,1
801,0
14868,1
9283,0
1443,1
4170,0
8683,1
2598,0
10862,1
15251,1
8376,1
6750,1
14618,1
573,1
3172,0
3941,1
3234,1
12810,1
508,0
6465,0
4452,1
8083,0
9306,0
2722,0
3677,0
10980,1
4176,0
15847,1
15227,1
10591,1
13289,1
14629,1
15614,1
13410,1
1817,0
13298,1
14363,1
1247,0
6579,0
3459,0
7313,0
12305,1
7859,0
11258,1
5546,0
13001,1
5281,0
5527,0
14981,1
7023,0
4552,0
11991,1
4184,1
2098,1
14222,1
10530,1
10932,1
8972,0
4033,1
785,0
8518,1
8314,0
5604,0
6170,0
8411,0
13406,1
6655,0
2031,0
1463,0
8331,0
3909,0
5793,0
15306,1
1376,1
5762,0
5450,0
4578,0
9000,0
15482,1
369,0
12133,1
4787,0
15153,1
11713,1
8147,1
12477,1
14625,1
15437,1
13885,1
3763,1
10962,1
5784,0
13098,1
1386,0
1235,0
15414,1
9173,1
484,1
9710,0
12861,1
11777,1
1684,0
9695,0
15017,1
15504,1
6981,1
13085,1
4089,0
124,0
4498,0
13953,1
2969,0
11772,1
2899,0
6392,0
5319,0
3379,0
6882,0
14216,1
1018,1
3731,1
4386,0
7744,0
6003,0
14948,1
6159,1
10428,1
7951,0
13679,1
12268,1
3227,0
10086,1
380,0
14133,1
13539,1
318,0
15825,1
4030,0
5474,0
905,1
4874,0
15404,1
7398,1
1563,0
252,0
5584,0
5284,0
347,0
9468,0
7977,0
11971,1
14573,1
13250,1
1804,0
8072,1
4389,0
12210,1
15834,1
6496,1
9136,0
12241,1
11733,1
11796,1
4683,0
6450,0
6989,0
1752,0
14879,1
2290,0
5128,0
9096,0
6864,1
13579,1
14912,1
11203,1
10607,1
3663,1
10103,1
979,0
15573,1
11208,1
10741,1
3369,0
2848,0
9960,1
3838,1
15593,1
4050,0
5571,1
0,1
1425,0
4488,0
9509,0
6893,0
6902,0
6422,0
8156,0
13237,1
9921,0
457,0
13865,1
2437,0
14847,1
15752,1
14194,1
2427,1
10487,1
8068,0
6258,0
10986,1
4123,0
4213,0
4490,0
5028,1
5830,0
849,0
8118,0
11334,1
9247,0
2144,0
7165,1
4741,1
10427,1
14326,1
3149,0
678,0
7961,0
5402,0
8908,0
9534,0
13728,1
3800,0
8592,0
8669,0
11313,1
8504,1
3067,0
2796,0
4513,0
2218,0
3290,0
10750,1
14595,1
12558,1
1279,0
5602,0
14310,1
4035,0
4360,0
2897,0
12991,1
3232,0
4364,0
6385,0
12635,1
2138,0
7563,0
2696,0
14977,1
1253,0
4065,0
2713,0
11561,1
9668,0
8415,0
15893,1
10386,1
9236,0
3700,0
10709,1
3701,0
7978,0
6134,0
2209,0
2166,0
3256,0
3897,0
15563,1
7390,0
5449,0
9449,0
6267,1
13915,1
6209,1
5423,0
3820,0
10100,1
3355,0
15088,1
10003,1
999,0
10612,1
323,0
4322,0
6837,0
14972,1
9246,0
5246,0
4761,0
4478,0
6795,0
889,0
708,0
15267,1
10193,1
10492,1
3837,0
8718,1
9676,0
14028,1
6838,0
8809,0
7767,1
14320,1
1058,0
927,0
7217,0
2234,1
680,0
12510,1
9372,0
7383,1
2779,0
13769,1
10046,1
12379,1
3664,0
11190,1
3565,0
3429,1
238,1
12627,1
13119,1
3450,0
10000,1
8045,0
10991,1
6958,0
2629,1
2134,0
3697,0
5299,0
1139,0
12251,1
12711,1
14527,1
1596,0
7399,0
6796,0
1510,0
9135,1
13404,1
10543,1
1955,1
1035,0
15060,1
11503,1
15531,1
13009,1
5089,0
15341,1
2627,0
692,0
14591,1
3375,1
5267,0
7965,1
7109,0
11470,1
5596,1
1754,0
405,0
4104,1
12694,1
12468,1
2822,0
5972,1
15033,1
12511,1
13996,1
10361,1
8418,0
7375,0
14443,1
5892,0
4521,0
2928,1
6240,0
7797,0
540,0
2593,0
14906,1
7666,0
5486,0
10279,1
8040,0
11458,1
5143,1
1893,0
2378,0
8738,0
13184,1
12364,1
582,0
6015,0
3041,0
13875,1
12744,1
15340,1
11762,1
9876,0
4407,0
8698,0
11970,1
15156,1
11100,1
5380,0
1494,0
1720,0
2048,0
110,0
14635,1
9470,0
10943,1
9492,1
4576,0
8141,0
15417,1
10027,1
13799,1
99,0
5119,0
13507,1
2923,0
284,0
9851,0
328,0
5594,0
5013,1
6585,0
11044,1
9965,0
4960,0
13124,1
10744,1
7129,0
5368,1
10185,1
3718,0
15099,1
7384,0
7261,0
6412,1
618,0
10391,1
4107,1
4691,0
8129,0
337,0
9399,0
4897,0
4168,0
602,0
15210,1
12066,1
10627,1
9531,0
1255,0
198,0
5649,0
9657,0
4841,1
1285,0
11308,1
7726,0
4377,1
15631,1
3107,1
2650,0
11993,1
2192,0
970,0
15154,1
15014,1
5577,0
1419,0
2013,0
11886,1
2667,0
11389,1
14404,1
5164,0
10095,1
2066,0
13405,1
2029,0
14184,1
12872,1
2570,0
14701,1
14426,1
5394,0
3842,0
15640,1
8721,0
9200,0
2401,0
11804,1
14871,1
12177,1
2832,0
1459,1
13822,1
10420,1
14896,1
8370,0
2147,0
9717,0
7948,0
10218,1
9866,0
8845,0
14149,1
6308,1
11675,1
3032,1
15694,1
10474,1
15257,1
5037,0
15127,1
431,0
14447,1
5322,0
12769,1
8067,0
3904,0
15291,1
6612,0
5633,0
936,1
15224,1
2720,1
10774,1
443,0
881,1
13386,1
7025,1
15268,1
9056,1
8212,1
2544,0
3112,1
10040,1
12900,1
13328,1
9745,0
585,1
11022,1
1608,0
1503,1
13225,1
240,0
569,0
13761,1
9208,0
11782,1
13391,1
4801,0
3963,0
7241,0
5895,0
13946,1
15249,1
11270,1
14537,1
2069,0
4858,0
4473,0
9627,0
12002,1
15415,1
10257,1
12084,1
3144,0
5289,0
10938,1
3348,0
15163,1
12935,1
3919,0
580,0
8317,0
9418,0
13666,1
15091,1
10276,1
15443,1
14839,1
13821,1
1772,0
2812,0
8866,0
1107,1
9691,0
5779,1
7048,0
13560,1
13740,1
8232,0
15707,1
1614,0
461,0
3082,1
15204,1
2703,1
12698,1
5662,0
10981,1
15783,1
13631,1
15108,1
2064,0
1341,1
20,0
15141,1
4525,0
12232,1
4045,0
9425,0
12653,1
9039,0
14489,1
10274,1
13876,1
1283,0
15879,1
11430,1
11692,1
3195,0
9395,0
4668,0
12942,1
5286,0
10699,1
10757,1
10322,1
15642,1
12644,1
8562,1
12727,1
10111,1
8160,0
11353,1
9659,0
4234,0
15398,1
9768,1
6710,0
6813,0
7183,0
5690,0
10762,1
14600,1
1446,0
7181,1
4243,1
9497,0
10494,1
12446,1
15603,1
12242,1
8969,0
495,0
1850,0
10141,1
7449,0
15838,1
6536,0
11032,1
5365,0
7450,0
9714,0
11489,1
6608,0
11360,1
14215,1
8916,0
14036,1
7271,0
10378,1
13170,1
1561,0
8289,0
11046,1
1990,0
7595,0
5052,0
497,0
1467,0
5060,0
7244,0
13955,1
2892,0
6698,0
12598,1
12113,1
1883,0
2964,0
2412,0
5665,0
8084,0
11128,1
7071,0
11524,1
8098,1
2103,0
1906,0
1735,0
822,0
3784,0
5413,0
12583,1
654,0
9277,0
6625,0
15589,1
4514,0
627,0
14562,1
3434,0
6263,0
7718,1
476,0
487,1
11753,1
12786,1
4014,1
4517,0
13478,1
9242,0
5168,0
14628,1
4057,0
1218,1
2507,0
1875,0
4612,1
13255,1
12631,1
15378,1
9599,0
7086,0
183,0
8005,0
661,0
12912,1
15915,1
2119,0
4461,0
14125,1
6555,0
10803,1
12774,1
10553,1
13943,1
14540,1
15073,1
12253,1
7750,0
2370,0
5627,0
463,1
4220,1
6152,0
1826,0
6832,0
11559,1
1374,0
2660,0
6842,0
14025,1
12996,1
5636,0
2549,1
9991,1
15371,1
12223,1
2676,1
3978,0
1731,0
13492,1
10422,1
3855,0
8696,0
12610,1
13358,1
13300,1
7783,1
2396,0
5589,1
4311,1
9265,1
7041,0
15737,1
12917,1
4038,1
7712,0
12342,1
12058,1
12543,1
11337,1
14073,1
4973,0
15740,1
8826,0
9266,0
7724,1
15167,1
13670,1
6327,0
5537,0
15228,1
4524,0
13002,1
6665,0
3790,1
1248,0
9496,0
8745,0
6819,0
7463,0
1315,0
5058,0
10536,1
604,0
10565,1
2079,0
3886,0
11095,1
12088,1
8804,0
9927,0
12221,1
4656,0
7393,0
15034,1
14551,1
3656,1
2622,0
9541,0
897,0
9969,0
15618,1
13442,1
12821,1
13879,1
13211,1
7779,0
14686,1
7922,0
6058,1
1654,0
14415,1
3320,0
13732,1
8469,0
152,0
7013,0
11139,1
4040,0
3305,0
2847,1
187,0
6883,0
394,0
10866,1
2422,0
7210,0
1022,0
5986,1
3543,1
10987,1
13738,1
12339,1
13377,1
9761,0
9871,0
998,0
10765,1
15918,1
8768,1
11548,1
11003,1
7228,1
5355,0
1766,0
10566,1
15130,1
8364,1
8647,0
748,0
9929,0
13545,1
8100,0
3181,0
8425,0
8499,0
13531,1
9143,0
5811,0
11706,1
567,0
4482,0
12156,1
10221,1
10341,1
13231,1
8058,0
12896,1
913,0
9961,0
8905,0
1922,1
1659,0
3562,1
14422,1
7674,0
2057,0
2011,0
13299,1
13851,1
3507,0
1179,0
12039,1
6217,0
11969,1
3770,0
13244,1
7315,0
1388,1
13414,1
12147,1
7231,0
14943,1
5103,1
14503,1
12308,1
88,1
5004,1
2584,0
10350,1
763,0
7602,0
7661,1
11832,1
2552,0
8367,0
14532,1
6944,0
6602,0
14295,1
9195,1
2313,0
2126,0
5217,0
14353,1
75,0
5047,0
6510,1
12428,1
13342,1
4836,0
1706,0
2426,0
6150,1
4450,0
8101,1
15281,1
4790,0
15771,1
9341,0
4710,0
3534,0
10678,1
4110,0
10044,1
15327,1
346,0
5498,0
636,0
12979,1
11647,1
13696,1
6220,0
10650,1
4382,0
4977,0
6178,0
6785,0
4084,0
9728,1
11617,1
14705,1
13979,1
1995,0
4304,0
13599,1
10146,1
9066,0
4505,0
2486,0
9487,0
14227,1
4928,0
4877,0
11716,1
2765,0
8464,0
10995,1
422,1
12718,1
15059,1
13538,1
2508,0
10215,1
3123,0
15696,1
7485,0
3009,0
411,0
432,0
8090,0
864,0
4964,1
6371,0
239,0
3275,0
5092,1
29,0
15138,1
10682,1
7616,0
5036,0
9447,1
12360,1
3666,0
15516,1
7448,1
4585,0
2433,0
9364,0
7899,0
14392,1
8149,0
13470,1
3746,1
10099,1
2022,0
14396,1
3857,0
10724,1
4495,0
15075,1
5983,0
6839,0
8024,0
7289,0
6547,0
6221,1
11852,1
14727,1
12795,1
10338,1
7812,0
15231,1
1887,0
15119,1
6973,0
9349,0
7007,0
10641,1
15506,1
7028,0
10025,1
4952,0
14168,1
10633,1
6972,1
1790,0
3264,0
959,0
41,1
9942,0
2882,0
10225,1
3617,1
2968,0
5979,0
5707,0
9837,0
6817,1
1321,0
13167,1
12548,1
10375,1
15529,1
12269,1
10377,1
6122,1
3408,0
8628,0
294,0
6598,0
13064,1
11769,1
8381,0
11382,1
11783,1
8800,0
6967,0
15369,1
3021,0
9995,0
12408,1
14416,1
3194,0
2344,1
7934,0
11346,1
2747,0
12838,1
9019,0
1796,0
5256,1
7144,1
4821,0
3138,1
12067,1
6290,0
13501,1
2516,0
4249,0
12887,1
6816,1
5126,0
5198,0
177,0
8637,0
11459,1
15897,1
14132,1
13508,1
7604,1
10114,1
10004,1
14336,1
4616,0
8620,0
3693,1
12044,1
5754,0
1550,0
9533,1
4144,0
4614,0
6123,0
5860,0
951,0
1307,0
12166,1
5041,0
10404,1
15488,1
10012,1
8230,0
12532,1
14048,1
1537,0
2876,0
9529,0
232,0
11477,1
15831,1
11917,1
11655,1
4252,0
5080,0
9005,0
14345,1
4106,0
7938,0
10563,1
1265,1
1789,0
12546,1
8008,0
1472,0
4577,0
1672,0
1784,0
7919,0
1206,0
10323,1
10365,1
15535,1
14778,1
6447,0
809,0
13437,1
2121,0
831,0
13090,1
2094,0
644,1
11342,1
8868,0
6773,0
4152,0
13626,1
14696,1
245,1
2764,0
10844,1
12301,1
4909,0
179,1
12793,1
2726,0
12194,1
13284,1
12464,1
9752,0
7670,0
8198,1
1195,0
13063,1
544,1
5420,0
14770,1
5415,0
4769,0
6094,0
14512,1
7442,0
15232,1
9021,0
13920,1
2325,0
6167,0
798,0
11405,1
1183,0
9658,0
12789,1
3758,1
10915,1
403,0
14362,1
12823,1
334,0
7537,0
5632,1
9914,0
1515,0
808,0
11715,1
745,0
3853,0
6309,0
9082,0
17,0
9905,1
3008,0
3595,0
134,0
3398,0
8858,0
11651,1
13669,1
6800,0
9735,1
642,0
12874,1
14612,1
5981,0
12059,1
3111,0
13227,1
4129,1
12555,1
3741,1
4279,0
4169,0
4624,1
2984,0
2291,0
15374,1
6904,0
2398,0
4608,1
11251,1
9860,0
3247,0
15717,1
12946,1
7322,1
14979,1
9322,0
7253,1
9824,0
15668,1
4202,0
910,0
1864,0
2523,0
13157,1
9719,1
2782,0
5847,1
6483,0
11093,1
4839,1
2190,1
14419,1
4555,1
1430,0
15900,1
4697,1
7862,0
12522,1
3359,0
5903,1
14167,1
981,0
13036,1
10528,1
8582,0
6322,0
5938,0
4900,0
7211,0
6500,0
2316,1
2078,1
6543,0
14081,1
11017,1
2521,0
11,0
7226,0
9217,0
6032,0
1894,0
4025,0
15137,1
5658,1
3989,0
12562,1
12536,1
14947,1
9478,1
1062,1
2567,0
13884,1
10890,1
1757,1
6812,1
8935,1
12289,1
4021,1
1504,0
255,0
741,0
3621,0
11185,1
4572,0
12605,1
11867,1
15134,1
13092,1
5444,0
1399,0
10946,1
11384,1
9722,0
8087,0
15315,1
5533,0
1881,0
3939,0
11292,1
11642,1
8478,0
9737,0
11998,1
9917,1
8538,0
7042,0
102,0
6302,0
1317,1
5470,0
3861,1
955,0
2757,1
4019,0
14652,1
7274,0
5022,0
2562,0
13351,1
14022,1
2249,0
2074,1
11494,1
10513,1
13515,1
5262,0
10716,1
14449,1
11047,1
14552,1
14178,1
15047,1
3418,0
13108,1
14746,1
10087,1
867,1
10871,1
4060,0
7855,0
14289,1
7517,1
10412,1
3160,0
2231,0
12015,1
5737,0
2619,1
7959,0
11888,1
1330,0
13639,1
7523,0
5097,0
3600,1
12770,1
6088,0
6870,0
14837,1
552,0
6787,0
15219,1
8337,0
9076,0
2555,0
4998,0
1808,0
4582,0
9288,0
10692,1
10355,1
8607,0
14450,1
6672,0
5459,0
6493,0
78,0
2302,0
12932,1
12471,1
13079,1
11062,1
10600,1
9475,0
13862,1
12060,1
5651,0
14154,1
12921,1
9862,0
1634,0
3594,0
4097,0
6437,0
8442,0
4561,0
12426,1
5677,0
14907,1
2000,0
63,0
1424,1
8690,0
3017,0
3137,1
11933,1
3254,1
8523,1
11508,1
9933,0
2612,0
10053,1
10730,1
12813,1
1153,1
6721,0
7734,0
10108,1
15782,1
13760,1
11264,1
4961,0
11562,1
11963,1
5957,0
14243,1
2206,0
9625,1
9764,0
10077,1
8719,0
12767,1
6649,0
10584,1
10468,1
3093,0
2690,0
4844,0
6009,0
7880,0
10302,1
12485,1
8552,0
6764,0
8701,0
4296,0
9467,0
13726,1
840,1
1520,1
7461,0
5258,0
9994,0
8410,0
6325,1
1660,0
9816,0
2620,0
8837,1
3187,0
1241,0
13396,1
5791,1
11482,1
7179,0
7691,0
5796,0
8981,0
15193,1
11678,1
459,0
8731,0
8817,0
8179,0
14951,1
13663,1
12271,1
8208,0
6459,0
4663,0
14318,1
6745,0
15923,1
7749,1
12278,1
7453,1
15647,1
6586,0
15107,1
11485,1
14267,1
9770,1
2343,0
2229,0
10924,1
12174,1
976,1
15255,1
11466,1
3911,0
8614,0
14131,1
4309,1
4195,1
5077,0
969,0
10444,1
6037,0
3777,0
1105,0
1716,0
15056,1
5769,0
2988,1
15385,1
11001,1
938,0
7074,0
3774,1
2548,1
11039,1
12611,1
14892,1
15364,1
3484,0
10859,1
2682,0
9766,0
7772,1
4816,0
1930,0
9459,0
6576,0
1336,0
10837,1
15273,1
2623,0
3184,1
3417,0
2443,0
2833,0
9262,0
12222,1
2760,0
2016,0
4120,0
11408,1
12818,1
276,1
159,0
712,0
15260,1
10334,1
9844,0
1162,0
2262,1
181,0
10085,1
13729,1
293,1
6908,0
1505,1
12895,1
13019,1
14067,1
5096,0
15006,1
6646,0
15246,1
15140,1
10253,1
10252,1
12327,1
1027,0
190,1
6551,0
8558,0
1913,0
2509,1
2820,0
12234,1
973,0
841,0
575,0
10162,1
13425,1
4046,0
13332,1
11901,1
10346,1
4100,0
12198,1
12540,1
3961,0
14730,1
11817,1
7893,0
10226,1
7039,0
8191,0
2322,0
12318,1
12751,1
15889,1
10556,1
1023,0
11414,1
11403,1
1452,1
9439,0
8694,0
14417,1
12544,1
8878,1
12730,1
6362,0
4083,0
2390,0
3411,0
638,0
6315,1
12623,1
15280,1
5395,0
11634,1
11895,1
11791,1
8661,0
4748,1
14925,1
3938,1
7829,0
12458,1
9131,0
6666,0
11054,1
12712,1
8056,1
9014,0
598,1
1527,0
6005,0
6448,0
10403,1
10383,1
8161,0
5785,0
4810,0
10204,1
2467,0
7001,0
11014,1
2416,0
10588,1
1081,0
4317,0
14145,1
11066,1
14112,1
5174,0
3243,0
14582,1
14854,1
4716,0
4620,0
15732,1
3301,0
2440,0
6407,1
8971,0
4850,1
13684,1
4891,0
5012,0
11423,1
839,0
12545,1
12515,1
1833,1
8226,0
11842,1
15139,1
1001,0
14909,1
12539,1
13695,1
3352,0
10554,1
6638,0
4568,0
7235,0
10831,1
6827,1
4754,1
414,0
2052,0
6889,0
10777,1
12941,1
2821,0
8145,0
13368,1
11447,1
8640,0
3386,0
1033,0
5994,0
10325,1
4873,0
5798,0
13917,1
14360,1
2246,0
13346,1
12417,1
11570,1
8912,0
626,0
9472,0
2875,0
724,0
7421,0
13781,1
12937,1
2816,0
13514,1
14505,1
315,0
11919,1
11513,1
4605,0
5772,0
12547,1
4455,0
5240,0
12852,1
2480,0
11440,1
1174,1
3134,0
9151,0
5906,0
12216,1
12617,1
4985,0
10648,1
165,0
707,0
2303,0
10360,1
5070,0
5167,1
14197,1
5950,1
3047,0
6360,0
8958,0
4199,0
7292,0
4191,0
2666,0
14890,1
5348,1
4968,0
11907,1
3987,0
10122,1
11977,1
7239,1
12766,1
7287,0
1797,1
12207,1
5817,0
11268,1
10918,1
14454,1
11928,1
5805,0
4719,1
14064,1
10638,1
9214,1
2164,0
11331,1
7470,0
11727,1
4541,0
13773,1
13667,1
14337,1
15641,1
3691,0
10582,1
5351,0
12509,1
2618,0
11954,1
5354,0
8934,0
1203,0
1681,0
2684,0
7558,1
4263,0
15170,1
1056,0
7478,0
11404,1
10081,1
793,0
11240,1
15300,1
10561,1
13388,1
8424,1
14495,1
4823,0
5005,0
4689,1
12486,1
9154,0
12603,1
14127,1
7916,0
4099,0
9613,1
5639,0
6524,1
10767,1
8581,0
6537,0
13445,1
10969,1
14008,1
3026,0
14867,1
12825,1
13055,1
1714,0
5733,1
5999,0
728,0
4946,1
6872,0
4438,0
7972,0
15911,1
2093,0
9046,0
15465,1
7943,1
8835,0
2058,0
7818,0
11755,1
7443,0
11613,1
11734,1
8307,0
3473,1
4817,0
1683,0
1087,0
6983,0
14543,1
326,0
15882,1
14004,1
8488,1
12041,1
13632,1
13521,1
11778,1
7826,1
6388,1
3879,1
11623,1
5196,0
11741,1
1800,0
8510,1
15401,1
9328,0
6283,0
9362,0
2148,0
10934,1
726,0
4530,0
12798,1
3493,0
8333,0
12246,1
9144,0
639,0
8962,0
13136,1
7295,0
8186,1
5290,1
2010,0
15367,1
13071,1
14386,1
6188,1
11516,1
7251,0
11885,1
8838,1
9258,0
12899,1
15811,1
4884,1
6913,1
2963,0
11596,1
6617,0
6853,0
9177,0
12551,1
2617,1
8825,1
15830,1
15904,1
6158,0
15449,1
11136,1
7603,1
9225,0
3424,0
14859,1
1052,0
3923,0
4872,0
8023,0
6042,0
4451,0
15008,1
9762,0
7985,0
8650,0
14059,1
8267,0
14231,1
7903,0
7196,0
2327,0
10876,1
12076,1
10609,1
1929,0
3239,0
5606,1
4963,0
6082,0
13260,1
13710,1
12824,1
4649,0
1347,0
4859,0
5622,0
141,0
3512,0
6242,0
1492,1
9589,0
11760,1
3458,0
4018,0
9600,1
10970,1
963,1
5876,0
11176,1
7605,0
3743,1
3455,0
611,0
522,0
12965,1
1262,0
5770,0
10123,1
4351,0
1221,0
10472,1
4855,0
6068,0
11321,1
11332,1
80,0
15703,1
10907,1
6421,0
8079,0
9239,0
8702,0
9609,0
1506,0
4239,0
5245,0
12666,1
6227,0
15473,1
9139,0
9480,0
426,0
70,1
10782,1
7794,0
1129,1
9935,0
1108,0
11228,1
15145,1
7361,1
9815,0
3223,0
1207,0
10919,1
12580,1
5686,1
2067,0
199,0
12365,1
13253,1
1196,0
9520,0
14273,1
14379,1
900,1
13304,1
15038,1
13573,1
14418,1
11481,1
12529,1
14077,1
475,1
15279,1
7907,0
12723,1
12881,1
15636,1
1858,0
13274,1
8668,0
1299,0
9500,0
2007,1
14818,1
3643,0
3922,0
1158,1
14257,1
15637,1
848,0
6245,0
386,0
9940,0
3173,0
8940,0
12588,1
5974,0
6535,0
3679,0
7369,0
12398,1
2274,1
2591,0
10357,1
2201,0
7652,0
10539,1
11193,1
7958,0
2699,0
51,0
8841,0
5951,0
3964,1
7757,0
1613,0
13316,1
8103,1
3513,0
14765,1
14029,1
7776,0
10088,1
7542,0
9641,0
14991,1
14126,1
1876,1
2775,1
11538,1
6916,0
6031,0
7574,0
10817,1
5179,0
2719,1
5487,0
11075,1
8770,0
13771,1
13204,1
4387,0
729,1
10398,1
7286,0
6593,0
13379,1
12869,1
3311,0
13459,1
10753,1
10163,1
812,0
13568,1
9075,1
11872,1
12676,1
12314,1
6783,0
14590,1
2049,1
7905,0
621,0
15054,1
13011,1
10078,1
1710,0
13186,1
14561,1
11673,1
9535,0
11355,1
8888,0
14265,1
14069,1
9603,0
9980,0
14367,1
7898,0
15027,1
12945,1
11838,1
2648,0
8203,0
13916,1
409,0
9848,0
2204,0
1807,1
8014,0
2163,0
10865,1
8262,0
1390,0
3010,1
242,0
5713,0
5893,0
161,0
11527,1
861,1
7359,0
13020,1
4069,0
15521,1
3304,0
3805,0
11299,1
2027,1
9103,0
6690,0
6124,0
12807,1
9300,0
8924,0
3882,0
686,0
13044,1
8737,0
11585,1
5803,0
10106,1
12586,1
3054,0
5425,0
14369,1
8654,0
2889,0
2243,1
13402,1
2463,0
4826,0
8486,1
7088,1
2369,1
15523,1
6583,0
6191,0
12993,1
8353,1
14366,1
14105,1
667,0
9712,0
12165,1
13580,1
11212,1
5756,0
11011,1
925,0
7955,0
3391,0
15685,1
5458,0
10409,1
15842,1
5464,0
14390,1
14719,1
579,0
8974,0
8873,0
11222,1
4531,0
15609,1
8798,0
5452,1
7762,0
13976,1
13068,1
11467,1
15743,1
13252,1
4067,0
13848,1
82,0
830,0
11223,1
11288,1
6145,0
10273,1
13056,1
14264,1
4554,0
11948,1
13784,1
4479,0
7258,1
13820,1
13830,1
5787,0
8426,0
6405,0
13122,1
1621,1
957,0
5014,0
1722,0
15547,1
14307,1
15526,1
1696,0
643,1
15710,1
13336,1
13795,1
11787,1
3826,0
1856,1
9088,1
13196,1
6975,0
12735,1
4658,0
15528,1
4718,0
13791,1
11497,1
1372,0
774,1
2425,0
13331,1
11693,1
4406,0
1569,1
7611,0
13053,1
38,0
224,1
9043,0
4321,0
5283,0
10262,1
13806,1
1379,0
15513,1
11166,1
6366,0
1071,0
15616,1
1237,0
2004,0
12985,1
15520,1
15317,1
1830,0
6677,0
5367,0
13890,1
5583,0
9340,0
1215,1
14597,1
10330,1
5075,0
640,1
1486,0
5800,0
15036,1
15756,1
1182,1
9932,0
7673,0
9313,0
2096,0
7293,0
15656,1
10713,1
4911,1
5081,0
14441,1
3485,1
15360,1
14939,1
12576,1
5273,0
8945,0
7509,0
11889,1
8527,0
1647,0
1758,0
7910,0
14904,1
12983,1
15708,1
6695,0
8629,0
9289,0
2952,0
11641,1
2834,0
453,0
1331,0
9152,0
11551,1
13096,1
9054,0
3483,0
2151,1
4463,1
2153,1
4720,0
11023,1
664,0
11087,1
3157,0
5468,0
400,0
13765,1
10955,1
10807,1
13736,1
4908,1
1170,0
5078,0
3827,1
9972,0
15136,1
1815,0
8836,0
8658,0
14380,1
13602,1
5383,0
13982,1
5886,0
15247,1
8245,0
8417,0
13733,1
11351,1
7982,0
8503,0
6156,0
4603,0
14281,1
9353,0
3451,0
5263,0
12784,1
10,0
9346,0
6688,0
12491,1
7867,0
12284,1
5250,0
15230,1
13249,1
233,0
6809,0
10529,1
7275,0
11091,1
7243,0
10594,1
882,0
6235,0
13655,1
7227,1
9931,0
13097,1
2219,0
14312,1
10465,1
12505,1
4409,1
8236,0
3566,0
5132,0
13831,1
12022,1
8167,0
10858,1
14007,1
6025,0
7892,0
11694,1
9318,0
7090,0
15542,1
6584,0
5519,1
11700,1
6568,0
12238,1
8729,0
120,0
10851,1
13192,1
6180,0
3650,0
1332,0
7084,1
11679,1
14826,1
14298,1
7539,0
8752,0
11686,1
13330,1
11899,1
8671,1
7896,0
9473,1
10400,1
5339,1
15370,1
15194,1
14042,1
10697,1
1475,0
4400,1
8241,0
6109,1
2428,0
3627,0
6118,0
4750,0
1437,0
8840,0
13894,1
9040,0
7834,1
7122,0
15584,1
6207,0
14848,1
13658,1
5765,0
2447,0
4408,0
290,0
5721,1
4,0
7079,0
1846,0
13901,1
759,0
4777,0
8870,1
7493,0
11913,1
15741,1
6335,0
3326,1
289,0
6241,0
9964,0
4223,1
7000,0
9894,0
813,1
9863,1
9129,1
12763,1
10051,1
786,0
12375,1
7843,1
12692,1
11738,1
11462,1
13962,1
4562,0
8943,0
5828,0
477,0
423,0
14689,1
12322,1
4443,0
7378,0
1627,0
1474,0
9390,0
3335,0
744,0
4903,0
6885,0
2142,0
14918,1
3549,1
9142,0
2631,0
13408,1
2642,0
15552,1
11152,1
1963,0
15243,1
1339,0
13965,1
2435,0
14096,1
10747,1
9097,0
11358,1
10435,1
3742,0
770,1
15871,1
4567,0
3453,0
12832,1
9919,0
2659,1
10681,1
6091,0
5820,0
1412,0
12883,1
8528,0
14393,1
12889,1
13704,1
13489,1
15087,1
9008,1
9841,0
11687,1
375,0
7064,0
5381,0
1030,0
2212,0
1498,0
10035,1
9711,0
3016,0
3578,1
8921,0
11325,1
10070,1
11943,1
14255,1
2220,0
7483,1
95,0
12120,1
10999,1
1036,0
9566,1
6683,0
3030,0
9616,0
4888,0
6355,0
2861,0
11468,1
13909,1
8119,1
11582,1
13456,1
8441,0
545,0
9667,0
5647,0
1982,0
3924,0
14294,1
11471,1
4848,0
2652,0
10183,1
13434,1
6291,0
1308,0
5139,1
1085,1
11137,1
7828,0
4385,0
13935,1
803,0
12089,1
3579,0
5747,0
1933,0
2895,0
15444,1
2585,0
13675,1
14480,1
8409,0
7624,0
7515,0
13681,1
9491,0
14559,1
15048,1
5034,0
8175,0
5625,0
952,0
7003,1
3675,0
13823,1
12637,1
14808,1
7808,1
7741,0
4186,0
3614,0
15329,1
11280,1
14400,1
12955,1
10884,1
4270,0
6231,1
11530,1
388,0
5818,0
8484,1
3231,0
2616,0
14162,1
14945,1
14728,1
4326,0
15464,1
7203,0
8660,0
3342,0
14079,1
10251,1
719,0
6588,0
3241,0
430,1
13420,1
12787,1
10659,1
6614,0
15909,1
15223,1
3686,0
15498,1
10195,1
866,0
7669,0
329,0
8578,0
966,0
2365,0
4228,0
2125,0
1530,0
14159,1
1708,0
4669,1
3942,0
15524,1
3768,0
9916,0
14208,1
8154,1
15102,1
11989,1
14256,1
2458,0
14204,1
12693,1
9638,1
4134,0
283,0
8336,1
14492,1
144,1
14731,1
6869,1
13923,1
3319,0
827,0
13985,1
3062,0
480,0
9493,0
12620,1
10968,1
12952,1
15055,1
12929,1
12162,1
9656,0
5749,0
5650,0
10277,1
3903,0
3896,0
6363,0
15493,1
14656,1
4314,0
4103,0
6862,0
14202,1
13743,1
534,0
7585,1
5228,0
9072,0
6758,0
5586,0
7504,1
5360,0
14429,1
11372,1
4665,0
13026,1
7782,0
14002,1
15901,1
11556,1
15115,1
5761,0
12071,1
7635,0
5421,0
10671,1
10490,1
12056,1
13824,1
7148,0
13089,1
3345,0
13106,1
5184,0
9212,0
13421,1
11501,1
1377,0
1450,1
3072,0
2384,0
10518,1
9514,0
7811,0
2448,0
14374,1
1512,0
9883,0
12575,1
6229,0
9831,1
13656,1
1304,0
7703,0
13647,1
2809,0
10493,1
1154,0
1862,1
14544,1
13682,1
6332,0
4209,1
2379,0
2980,0
6431,0
14922,1
2191,1
15556,1
4210,0
4682,0
1651,1
12096,1
15388,1
15203,1
2546,1
7120,0
8686,0
8688,1
11763,1
674,0
4358,0
13532,1
15851,1
10719,1
2589,0
10691,1
895,0
5209,0
591,0
7467,0
8259,0
665,0
3590,0
13185,1
9632,0
15332,1
15003,1
7928,0
11974,1
15262,1
12449,1
10480,1
2107,0
14305,1
14031,1
8222,0
10013,1
14395,1
14932,1
10832,1
350,0
7528,0
14757,1
4271,0
12592,1
5857,1
2476,0
9604,0
2999,0
12938,1
7685,0
5282,0
6456,0
7118,0
15859,1
9499,0
9481,0
197,0
1407,0
10408,1
3877,1
4155,0
5303,0
11648,1
2574,1
8540,0
7474,1
6464,1
13888,1
7535,0
489,0
2577,0
8182,0
5641,0
967,0
1770,1
3486,0
15681,1
12240,1
7069,0
7921,0
13418,1
5378,0
2638,0
6089,0
14900,1
15748,1
4657,0
1123,1
6553,1
12973,1
13772,1
10069,1
13067,1
3680,0
6990,0
4808,0
12849,1
15423,1
5722,0
5137,1
8086,0
2725,0
8264,0
4621,0
7213,1
6219,0
4327,0
14675,1
12011,1
12550,1
13027,1
15214,1
10617,1
11426,1
2063,1
13164,1
1882,0
4113,0
4308,0
205,0
8069,0
8194,0
3519,1
6498,0
12661,1
9910,1
4984,0
10250,1
2076,1
6528,0
12475,1
13561,1
4597,1
1646,1
15186,1
12651,1
8554,1
8691,0
13877,1
10453,1
6330,0
9507,0
12907,1
4023,0
4111,0
3099,0
7488,0
2275,0
12316,1
13114,1
10126,1
6214,0
11822,1
15347,1
10168,1
11837,1
7334,0
3653,0
10043,1
3796,0
3315,0
12788,1
6766,1
847,0
15850,1
12701,1
5461,0
648,0
2009,1
8170,1
6384,0
12707,1
4926,0
8398,1
7937,1
12549,1
7455,1
3535,0
11060,1
5781,0
670,0
9810,0
14744,1
11624,1
4135,0
6365,1
12077,1
9181,0
8596,0
5545,0
4860,0
10102,1
12596,1
12062,1
1373,1
14490,1
9838,1
2306,0
3091,0
4238,0
14045,1
7423,0
15903,1
4550,0
14557,1
15065,1
12709,1
1142,0
8902,0
10665,1
2438,1
292,0
7346,0
11747,1
13367,1
14317,1
14087,1
8608,0
8093,0
11293,1
2908,0
8819,0
6776,0
5963,0
6850,0
11059,1
12868,1
15220,1
5334,0
14622,1
11425,1
8305,1
5010,1
5930,0
681,0
6626,0
3217,0
8339,0
4906,0
2314,0
5969,0
13480,1
13517,1
7596,0
13878,1
15505,1
7406,0
6929,1
2860,0
1480,0
2994,0
97,0
14881,1
15024,1
12923,1
7853,1
4216,0
7429,0
3066,0
71,0
13345,1
11992,1
10147,1
11390,1
14346,1
12736,1
7416,0
10717,1
356,0
5964,0
10738,1
23,0
8458,0
8257,0
15860,1
15004,1
4618,0
9401,1
874,0
5900,0
11301,1
3637,1
10632,1
14872,1
11224,1
13081,1
8815,1
7587,0
11106,1
12121,1
2929,0
12439,1
11547,1
10011,1
5150,0
1293,0
2594,1
13054,1
8420,0
2692,0
1082,1
14739,1
6295,1
4792,0
6495,1
12224,1
11052,1
153,0
11628,1
6065,1
9432,0
8876,1
3145,1
4871,0
13171,1
3169,0
9064,0
6161,0
5175,0
11160,1
1697,0
11726,1
12796,1
13219,1
15736,1
8575,0
2640,0
6848,0
5645,1
14849,1
10466,1
7170,0
6784,0
383,0
5849,0
5968,0
15197,1
5408,0
13340,1
1570,1
6381,0
6684,1
1329,1
11614,1
12757,1
8734,1
5390,1
10595,1
3751,0
1456,0
5048,0
9955,0
5091,0
5213,0
14781,1
1836,0
2810,0
1144,1
13308,1
9203,1
15078,1
14421,1
5657,0
10384,1
7407,0
11990,1
4842,1
14158,1
285,0
11698,1
7533,1
122,0
5332,0
15172,1
7078,0
5738,0
412,0
1282,0
6358,0
7414,0
10589,1
13575,1
2039,0
2934,1
9689,0
10460,1
500,0
10376,1
11768,1
14605,1
15712,1
1391,1
6478,0
5050,0
5329,0
2906,0
13578,1
12827,1
3561,0
4197,1
14611,1
10064,1
6052,0
9342,0
11691,1
6162,0
9121,0
12499,1
6541,0
8227,0
1007,0
12998,1
1053,0
3019,0
11399,1
13616,1
11126,1
15718,1
6237,0
2709,0
3949,0
10893,1
15043,1
4837,0
313,0
5831,1
1949,0
4297,1
14455,1
3121,0
3334,0
10411,1
7499,1
6265,0
1615,0
7914,0
10031,1
8132,0
1,0
12436,1
11012,1
8239,0
8806,0
11878,1
106,0
3646,1
150,0
10888,1
14762,1
2736,0
7610,0
147,0
11677,1
1044,0
1244,0
14877,1
5923,1
7660,0
3985,0
13687,1
15722,1
10233,1
6071,0
13977,1
12082,1
6846,0
11487,1
4497,1
6329,0
10101,1
10161,1
877,0
5318,0
1120,0
15818,1
10311,1
9690,1
6995,0
4402,1
14805,1
9729,0
13571,1
15182,1
10424,1
11289,1
9697,1
658,0
5361,0
1488,1
492,0
15042,1
12705,1
15698,1
6344,0
5880,0
7486,0
9345,0
11983,1
15201,1
2273,0
693,0
7915,1
10449,1
4692,0
249,1
810,0
14223,1
10500,1
871,1
11666,1
10898,1
3328,1
3527,0
3287,0
4890,0
15621,1
12890,1
13746,1
15582,1
8012,0
13841,1
590,1
14858,1
12341,1
12940,1
11785,1
11105,1
3044,0
4931,0
1124,1
6132,0
9798,0
13911,1
2081,0
4857,0
2976,0
448,1
5934,0
9577,1
11250,1
14822,1
10282,1
13638,1
15820,1
9363,0
8796,0
3117,0
7479,0
14101,1
4291,0
1194,0
7633,1
528,1
12634,1
10510,1
9581,0
10920,1
11316,1
2814,0
1840,0
12844,1
4051,0
11333,1
1768,0
12898,1
9230,0
9396,0
1585,0
3135,0
14617,1
14681,1
13889,1
8007,1
10242,1
1286,0
12484,1
13702,1
2188,0
11720,1
286,0
11844,1
6168,0
11674,1
11934,1
6682,0
5927,1
11142,1
4717,0
2216,0
12527,1
5238,0
12324,1
13141,1
14726,1
800,0
2041,0
1643,0
9161,0
9836,0
14226,1
3954,0
14137,1
299,0
94,0
5098,0
6610,0
11705,1
5112,0
2323,0
4080,1
15259,1
11553,1
863,0
14832,1
1734,0
13023,1
10292,1
3127,1
11273,1
2266,1
3490,1
1054,0
9829,0
4041,0
8155,0
13242,1
4163,0
225,0
14282,1
11722,1
15844,1
266,0
6519,1
2615,0
466,0
6526,0
4936,1
13798,1
6380,1
10117,1
8373,0
12257,1
5916,0
14023,1
12450,1
10264,1
4219,0
12049,1
7058,1
14712,1
15705,1
10329,1
11861,1
10772,1
14233,1
377,0
7362,0
428,0
6314,1
4283,0
5337,1
7814,0
3118,0
8864,0
455,0
2137,0
15399,1
9092,1
1259,0
657,0
9268,0
7640,0
12431,1
8739,0
14694,1
1884,0
12602,1
7678,1
3551,0
9660,0
11789,1
1319,0
2547,0
12772,1
3159,0
15779,1
4675,0
10266,1
13866,1
11622,1
5216,0
3525,0
9909,0
2298,0
7890,0
7009,0
2880,1
5359,1
1825,1
7883,0
6829,0
2967,1
1408,0
15016,1
11102,1
9201,0
14383,1
7845,0
5719,0
14914,1
13566,1
11344,1
10470,1
3539,0
5991,0
3085,1
15461,1
13311,1
4189,0
6320,0
9925,0
2102,0
797,0
2446,0
5692,0
387,0
5621,0
3477,0
2625,0
2139,1
4173,0
15665,1
7464,1
6957,0
14895,1
2354,0
10059,1
465,0
11605,1
7964,0
2527,0
10505,1
9455,0
236,0
6506,1
12218,1
6748,0
12255,1
12578,1
14541,1
10191,1
13528,1
7475,0
2500,0
5129,0
6591,0
5956,0
3874,0
4459,0
11287,1
15471,1
3769,0
8761,1
15839,1
9568,0
15318,1
7278,0
6744,0
12615,1
10127,1
4157,0
5063,0
1290,0
5432,0
3269,0
2910,0
5652,0
15713,1
10922,1
8709,0
9350,0
2089,0
9634,0
6007,0
373,0
7970,0
7220,0
2315,0
45,0
9456,0
1980,0
3439,0
14921,1
6772,0
14968,1
7816,0
10723,1
1219,1
13991,1
1037,0
9186,0
11742,1
6856,0
15077,1
12004,1
10314,1
1072,0
13107,1
12307,1
2189,0
15801,1
2117,0
6738,0
1816,0
2803,0
3835,0
13235,1
14043,1
5776,1
5635,0
3852,0
802,0
4833,0
5954,0
8665,0
5166,0
15380,1
6270,0
15132,1
1924,0
7214,0
119,0
11635,1
6436,0
12016,1
734,1
5237,0
11780,1
10484,1
9793,0
15226,1
3070,0
10091,1
2985,0
13882,1
1853,0
7412,0
4648,1
9263,0
4355,0
14809,1
8882,0
1292,0
14424,1
93,0
5104,0
15028,1
15185,1
14888,1
563,1
8561,0
15777,1
4006,0
7130,0
8964,0
5407,0
5336,1
3582,0
5231,1
5021,0
7162,0
3262,1
9188,0
8032,0
1273,1
15012,1
10291,1
15757,1
521,0
2194,0
15878,1
4770,0
601,0
7328,1
13779,1
1742,1
1828,0
956,0
11214,1
12808,1
11016,1
9130,0
2269,0
11665,1
8328,0
10381,1
11434,1
10824,1
1040,0
4834,1
15497,1
4331,0
5294,0
9755,0
14458,1
14834,1
2896,0
3416,0
5003,0
4622,0
1499,0
4526,0
2853,1
12591,1
1907,0
417,0
1361,0
7189,0
4674,0
9949,0
4293,0
7766,0
15126,1
6083,1
11431,1
8834,0
4725,0
5901,0
7545,0
924,0
10830,1
7167,0
9412,0
9164,0
10371,1
11397,1
12418,1
15802,1
12579,1
5253,0
820,0
7675,0
11300,1
12902,1
4660,0
2131,0
13287,1
3571,0
243,1
13751,1
8584,0
2685,0
8135,0
15089,1
7815,0
3350,0
2068,1
2626,0
14463,1
8978,0
2851,1
9678,0
7902,0
13906,1
15751,1
14014,1
10436,1
15157,1
7520,0
4564,0
8634,0
9993,0
13488,1
8018,1
13047,1
5492,0
11435,1
2647,1
10712,1
12924,1
11365,1
7081,0
2222,0
5392,1
5832,0
15661,1
7850,0
7245,0
13218,1
2358,0
12951,1
7825,1
3848,0
4944,0
9104,1
14349,1
4180,0
4711,0
15032,1
7860,0
9804,0
4590,0
3489,0
587,0
8736,0
501,0
4594,0
3980,0
15658,1
13409,1
14648,1
8857,0
13973,1
3794,0
12233,1
3598,0
2499,1
1000,0
1851,0
7748,1
10241,1
12670,1
8348,1
3684,0
13910,1
5534,0
6946,0
7973,0
8071,1
8394,0
15029,1
14507,1
13202,1
9582,0
4506,0
8421,0
9423,0
14585,1
379,1
3628,0
7356,0
2224,0
6530,0
2497,0
3452,1
1562,1
10373,1
899,0
7110,0
5977,0
3147,0
15215,1
12799,1
15135,1
7824,0
7628,0
12845,1
3573,0
3642,0
2758,0
15789,1
6186,1
13121,1
9462,0
14884,1
10017,1
10687,1
3524,0
11819,1
4454,1
11893,1
5442,1
25,0
10791,1
3156,1
3343,0
13724,1
6070,0
3840,1
155,1
1849,0
9397,0
754,0
10217,1
5952,1
958,0
14761,1
10963,1
10645,1
7823,0
6826,0
13606,1
4813,0
10308,1
937,0
1114,1
15763,1
837,0
10622,1
5913,0
1835,0
1278,0
7582,0
132,0
5109,0
11836,1
13327,1
2050,1
4659,0
12081,1
3629,0
5031,1
15335,1
15233,1
13997,1
7117,1
8061,0
77,0
9763,0
819,0
5157,0
15248,1
8344,1
3883,0
1623,0
1516,0
3347,0
14997,1
8030,1
8490,1
7647,0
12014,1
6552,0
3804,0
12646,1
7263,0
7690,0
14965,1
11151,1
7561,0
7141,0
15240,1
14201,1
7952,0
12710,1
4548,1
14836,1
9148,0
2695,1
10785,1
143,1
11721,1
5391,0
14322,1
15857,1
9938,0
5225,0
3708,0
11037,1
13983,1
1416,0
4052,0
12184,1
14239,1
14219,1
6494,0
11688,1
3529,0
10159,1
6623,0
9902,0
8570,0
5609,0
5065,0
8450,0
11076,1
6615,0
11545,1
7296,0
11376,1
113,0
4615,0
10631,1
13600,1
1160,1
15484,1
15798,1
7250,0
4138,0
5810,0
8485,0
7439,0
9787,0
6960,0
8225,1
14506,1
14624,1
8720,0
12733,1
13945,1
7002,0
12347,1
7786,0
14500,1
11684,1
10880,1
12599,1
11597,1
13899,1
11231,1
9840,0
5151,0
15375,1
14534,1
2468,0
11987,1
8126,1
520,1
3025,0
9343,0
5443,0
5072,0
14487,1
7568,0
10110,1
930,0
1580,0
12659,1
7988,0
5422,0
7431,0
12276,1
13913,1
5601,0
12154,1
5669,0
322,1
5455,1
1622,0
15807,1
1577,0
72,0
14329,1
10389,1
9007,0
10516,1
9944,0
1619,0
15264,1
137,0
12050,1
1509,0
8728,0
8875,0
4666,0
13932,1
6373,0
14876,1
13450,1
6968,0
6141,0
2900,1
5611,0
851,1
2351,1
5241,0
8779,0
9269,0
10202,1
9693,1
3124,1
3050,1
4731,0
596,0
935,0
950,0
5431,0
15692,1
1979,0
2162,0
7524,0
8335,0
817,1
5016,0
11685,1
9466,1
1556,0
9554,1
8049,1
9928,0
1511,0
12618,1
300,0
14565,1
429,1
7077,0
8944,0
699,0
12173,1
10413,1
1942,0
8199,0
5726,0
4672,0
15118,1
2012,0
11245,1
14402,1
3817,1
5896,0
2097,0
2104,0
10942,1
6727,1
940,0
13625,1
13283,1
13,0
4685,0
4852,0
10220,1
4876,0
5024,1
3707,0
2917,1
14072,1
2328,0
15892,1
12541,1
2771,0
9580,0
4468,0
2284,0
11749,1
10485,1
11773,1
11543,1
747,0
9086,0
14953,1
11528,1
12691,1
8431,0
5862,0
3890,0
5160,0
13370,1
2333,0
13199,1
10855,1
14995,1
11918,1
6423,0
12074,1
14614,1
13627,1
8925,0
6069,0
14304,1
14576,1
1405,1
1578,0
12782,1
8967,0
677,1
15565,1
15178,1
1098,0
9906,0
3819,1
15412,1
13262,1
13363,1
7609,0
18,0
5993,0
7576,0
9210,1
635,0
1628,0
12186,1
10797,1
14287,1
10206,1
7389,0
10349,1
7728,0
7425,1
2644,0
269,0
2434,1
7254,0
3480,1
14005,1
7649,0
3289,0
15829,1
5536,0
6603,0
612,0
5517,0
3401,0
1501,0
15649,1
2320,0
7716,0
1026,0
2403,0
1338,0
13895,1
297,1
13497,1
5239,0
3736,0
7057,0
12335,1
7082,0
11539,1
1870,0
10390,1
7095,1
5110,0
5845,0
1097,0
7866,0
1200,0
9519,0
15622,1
3786,1
7832,1
2129,0
14693,1
6515,0
2655,0
10994,1
7531,0
4464,0
7911,0
3694,1
7967,0
15441,1
14698,1
1312,1
11637,1
3036,0
10521,1
8852,0
11336,1
10587,1
6286,0
11519,1
10295,1
15490,1
14928,1
12472,1
891,0
9189,0
6539,1
10639,1
14955,1
4235,0
9167,0
9957,0
9696,0
2901,0
2935,0
6786,0
1860,0
5315,0
3926,0
4606,1
14528,1
13551,1
7849,0
19,0
14523,1
10009,1
6531,0
6285,0
8310,0
12557,1
5945,0
15312,1
15853,1
14466,1
14941,1
10537,1
11394,1
12250,1
4762,0
9870,0
4602,0
4713,0
3423,0
11592,1
869,0
1020,1
7991,0
13546,1
7900,1
9452,0
6061,1
8630,0
11639,1
13072,1
641,0
12901,1
15648,1
7671,1
8574,0
3556,1
8892,0
4588,0
12460,1
60,0
353,0
11499,1
3836,1
3792,0
512,0
7107,0
15009,1
14477,1
6458,0
3409,1
8889,0
6571,1
15781,1
7281,1
3048,0
3444,0
6645,0
4619,1
1393,0
12752,1
3255,0
4116,0
7994,1
14533,1
11115,1
10271,1
2624,0
9679,0
5162,0
918,0
15643,1
6001,1
10816,1
1776,0
8591,0
2318,0
4563,1
8664,0
6716,0
614,0
14700,1
10827,1
2505,0
13826,1
12697,1
1441,0
262,0
10634,1
5840,0
86,1
3354,0
4919,0
3670,0
8311,1
7116,1
3152,1
10610,1
14432,1
9760,0
11653,1
160,0
3914,0
795,0
7391,0
3872,0
11110,1
1867,0
5085,1
5515,0
10056,1
2835,0
3177,0
10477,1
9159,0
6425,0
12811,1
787,0
8816,0
12481,1
10407,1
15805,1
13217,1
14376,1
10578,1
1645,0
15672,1
4633,0
6233,0
14252,1
12512,1
478,0
15348,1
9648,0
2295,1
2105,0
10486,1
15383,1
15261,1
8677,0
1049,1
1268,0
10496,1
11077,1
2279,0
2556,0
9847,0
1552,0
862,0
13676,1
6951,1
10895,1
7374,1
7513,0
8434,1
8975,0
9048,0
2530,1
1019,0
11511,1
15377,1
12629,1
11356,1
6618,0
3984,0
7477,1
9551,0
8755,1
12229,1
3191,0
4775,0
2233,0
5015,0
14266,1
13921,1
12006,1
6525,0
2099,0
896,0
13622,1
14327,1
4136,1
892,0
7191,0
11018,1
1691,0
4362,0
7692,0
7151,0
9061,0
8580,0
15541,1
9274,0
1068,1
14410,1
10856,1
2210,0
12466,1
13033,1
6408,0
9286,1
833,0
8413,0
13758,1
781,0
12742,1
15683,1
9959,0
15704,1
1617,0
11400,1
15005,1
5123,0
2336,1
9428,0
9615,1
13357,1
12867,1
172,1
11988,1
6878,1
10720,1
8351,0
15294,1
4575,0
2060,0
4442,0
5741,0
5958,0
1161,1
5742,1
15011,1
9664,0
8749,0
6457,0
14355,1
794,0
14097,1
9896,0
2360,0
9457,0
1137,0
7931,0
7314,1
7268,0
10205,1
1603,0
3081,0
11184,1
696,1
2795,0
9413,0
10075,1
5469,0
15607,1
6723,0
10401,1
4981,1
5161,0
5879,0
3661,0
2858,0
6304,0
14819,1
10335,1
6814,0
1368,0
12891,1
1560,0
7092,0
7806,0
13226,1
7255,1
1314,1
4766,0
9187,0
15666,1
15709,1
4366,0
9327,0
14992,1
9003,0
789,0
9777,0
711,0
5435,0
7803,0
14768,1
5942,1
15205,1
2874,0
1382,0
12383,1
10076,1
10555,1
4096,0
916,1
10559,1
5675,0
7303,0
14853,1
3385,1
14083,1
9945,0
8302,0
4101,0
13607,1
15015,1
5783,0
8568,0
2051,0
1006,0
9754,0
6428,1
163,0
8849,0
13857,1
6520,0
5079,0
8151,0
8038,0
8572,0
12537,1
5990,0
5314,1
753,0
2135,1
13291,1
9243,0
8298,1
4830,0
2936,0
5488,0
6046,0
1874,0
11109,1
4278,0
1915,0
105,1
12272,1
4879,1
13314,1
2062,0
9584,1
2043,0
12513,1
15100,1
1721,0
3042,0
6389,0
4231,0
13301,1
2439,1
2839,0
1523,0
5140,0
3295,0
90,1
10564,1
4140,0
12848,1
6741,0
9808,0
13176,1
1774,0
1597,0
15702,1
9653,0
12502,1
14748,1
365,0
9376,1
3154,0
13012,1
13315,1
9081,0
1342,0
2931,0
7847,0
15151,1
6761,0
13344,1
7511,0
15276,1
3568,0
10406,1
6609,0
3779,0
12538,1
2879,1
10267,1
6281,0
2036,0
8622,0
4812,0
10604,1
14012,1
13212,1
691,0
7500,0
10284,1
6728,0
3968,0
4930,0
2259,0
13698,1
6275,0
1210,1
2392,0
12489,1
620,0
8117,1
1528,0
1650,0
2473,1
12570,1
3720,0
5922,1
1214,1
9790,0
10189,1
12656,1
4851,0
624,0
8027,1
15284,1
10643,1
9542,0
5558,1
10255,1
584,1
9605,0
7769,0
14631,1
3518,0
130,0
8263,0
10828,1
15406,1
14338,1
4639,0
14085,1
10680,1
9842,0
7802,0
8085,0
11451,1
1640,0
7094,0
11387,1
11441,1
3761,0
5661,0
9222,0
8508,0
3602,0
5035,0
256,0
10703,1
7038,0
10576,1
12974,1
3143,0
3471,0
10288,1
14260,1
14351,1
9619,0
8116,1
6739,0
2606,0
7284,0
13947,1
10067,1
10246,1
13384,1
7565,1
4828,0
15455,1
8378,1
1277,0
11108,1
13519,1
1340,1
1491,1
5516,0
3394,0
14091,1
3514,0
15792,1
13513,1
15368,1
13855,1
14272,1
3973,0
7350,0
11978,1
11518,1
4196,1
12655,1
11290,1
15394,1
5711,0
3392,0
7719,0
136,0
10173,1
4496,0
5001,0
13059,1
9354,0
6453,0
10540,1
11153,1
1409,0
12961,1
11124,1
4398,0
4759,0
4609,0
6938,0
10254,1
4889,1
11247,1
2564,1
3209,0
1831,0
8808,1
6203,0
4276,0
8189,0
3461,0
11233,1
628,0
11709,1
10203,1
2381,1
10548,1
8993,0
12516,1
10045,1
1639,0
15827,1
2040,0
10735,1
4229,0
3206,1
15786,1
2156,0
13630,1
15389,1
6102,0
5557,0
10148,1
10366,1
3051,0
10887,1
6222,0
8590,1
12702,1
4630,0
9624,1
6928,1
4996,0
3358,1
494,1
6446,0
5236,0
13992,1
6936,0
13707,1
7765,0
15861,1
14841,1
3658,1
6845,0
5475,0
926,0
288,0
716,0
182,0
13028,1
11315,1
133,0
8452,1
12779,1
264,0
332,0
12920,1
8853,1
4148,0
14156,1
9899,0
3420,0
2774,0
6336,0
9574,0
7335,0
12601,1
2569,0
2090,0
4175,1
2382,0
3574,0
4583,0
1287,0
4679,0
7817,0
1147,0
5919,0
9114,0
12833,1
6502,0
15545,1
5255,1
7987,0
14545,1
10517,1
11580,1
13022,1
14927,1
2452,0
13661,1
5925,0
11460,1
6801,1
10174,1
4032,0
4064,1
5712,1
2870,0
6763,0
13776,1
13021,1
7433,1
12369,1
12026,1
914,0
1413,0
1156,0
8081,0
5829,0
995,0
1396,1
9677,1
10259,1
6577,0
3024,0
8359,1
1712,0
9683,0
1976,0
11699,1
5446,0
11277,1
10306,1
886,0
4393,0
5029,0
4295,1
14385,1
13163,1
14817,1
14124,1
11825,1
11546,1
2263,0
1191,0
3108,0
5387,0
3419,0
462,0
14188,1
317,0
2749,0
9741,0
9205,0
6345,0
3425,0
10958,1
5369,1
1324,0
6307,0
2006,0
444,1
2359,0
11386,1
12622,1
15435,1
9150,0
14894,1
11926,1
5379,0
1900,0
1088,0
7770,0
2783,0
3125,0
2118,1
12524,1
1230,0
3865,0
1155,0
4611,0
6074,0
6565,0
15428,1
3136,0
8088,1
2289,1
5346,0
14658,1
9330,0
10608,1
4428,0
6714,0
8193,0
14725,1
10743,1
10952,1
4395,0
10532,1
8636,1
5699,0
517,0
5947,0
1898,1
11131,1
10886,1
14667,1
3405,0
12328,1
3446,0
397,0
7700,0
8195,0
3228,0
12309,1
5118,0
11029,1
9489,1
6064,0
1902,0
2841,0
1479,0
5568,0
12168,1
613,0
5203,0
14677,1
1125,0
4147,0
14120,1
3105,1
4739,0
8276,0
12715,1
1601,0
4356,0
1891,0
11959,1
15572,1
9606,0
10016,1
15739,1
11714,1
11244,1
11657,1
15503,1
390,0
2046,0
3928,0
14718,1
5040,0
2278,0
1918,0
1005,1
14055,1
7627,0
11979,1
10135,1
15532,1
3531,1
7330,0
12843,1
1997,0
15053,1
9079,0
7594,0
1750,0
8828,0
2891,0
1038,0
13995,1
4486,0
12988,1
1632,0
1951,1
10359,1
8867,0
1117,1
8775,0
4159,0
4324,0
6622,0
9279,0
258,0
1998,0
2388,1
3550,0
5816,0
1031,0
10418,1
11138,1
5414,0
2478,0
4003,0
12009,1
13500,1
3847,0
6949,0
7904,0
2679,0
4771,0
9024,1
6202,0
5127,1
15793,1
5335,0
9370,1
5260,0
15571,1
15128,1
9228,0
15184,1
3765,0
9170,0
11165,1
6017,0
7992,0
1381,1
5169,0
6055,0
7037,1
10693,1
537,0
4631,0
649,0
12494,1
1471,0
15731,1
14786,1
8165,0
5603,0
2843,0
14910,1
4174,0
4729,1
14462,1
814,0
7240,0
3638,0
3481,0
14027,1
9358,0
9069,1
1070,1
2686,0
7654,0
5008,0
3818,0
6492,0
13871,1
8543,1
10367,1
12415,1
8830,1
4798,0
6190,0
12759,1
7742,0
7311,0
14278,1
5259,0
11284,1
14630,1
3615,1
8356,0
3202,0
15500,1
10094,1
9384,1
12734,1
14428,1
15639,1
10167,1
8603,1
1657,1
10926,1
5746,0
13852,1
34,0
13692,1
13324,1
961,0
44,0
359,0
9975,1
3146,1
9145,0
10058,1
11061,1
482,0
6542,0
3596,0
8982,0
3487,0
7100,0
13057,1
12809,1
9611,0
3240,1
10861,1
4376,0
5301,0
5997,0
8112,0
5965,0
12135,1
2885,0
9742,0
4448,0
2288,0
2838,0
3421,0
15487,1
1812,0
9548,0
650,0
4422,0
6580,0
13697,1
2361,0
10112,1
3785,0
1996,1
10481,1
15823,1
6620,0
12716,1
7326,0
12219,1
10711,1
1694,0
15148,1
3699,0
5042,0
3479,0
4755,0
2170,0
15888,1
5328,0
3662,0
11702,1
14095,1
8013,0
7192,0
12966,1
10592,1
3910,1
4519,0
1848,0
2287,0
2752,1
214,0
13753,1
5623,0
6022,1
9569,0
3510,0
14420,1
2445,0
1438,1
14901,1
7024,0
6338,0
1827,1
14803,1
1223,0
2797,0
9857,0
14785,1
2350,1
401,0
343,0
1415,0
7397,1
15344,1
1692,0
98,0
5156,0
2656,0
6550,1
4764,0
279,1
1574,0
15575,1
13581,1
4923,0
7739,0
12563,1
9240,0
12720,1
9646,1
2110,1
5739,0
1703,0
2496,0
3900,0
11328,1
2681,0
3537,0
278,0
9120,0
844,0
11526,1
15826,1
8820,0
14086,1
3851,0
8587,0
7706,0
4509,0
10546,1
7600,0
15274,1
13126,1
4102,0
2319,0
5864,0
15131,1
2200,0
14485,1
15695,1
11638,1
14175,1
1387,0
6732,0
13147,1
8795,1
10372,1
1664,0
13883,1
1075,0
4474,0
570,0
11364,1
12860,1
10129,1
13256,1
14078,1
14288,1
9978,0
5343,0
14766,1
9126,1
12695,1
15858,1
2787,1
15899,1
10497,1
1303,1
7556,1
1964,1
7658,1
8537,0
366,0
8034,0
203,1
9383,0
13395,1
5000,0
3465,0
1325,0
9665,0
13835,1
11618,1
6250,0
13653,1
4538,0
14236,1
8831,0
3619,0
11144,1
7851,1
13529,1
2581,0
4533,1
14986,1
11107,1
7149,0
9889,0
13960,1
934,0
3880,0
12765,1
4465,0
6641,0
11392,1
538,1
2409,0
6624,0
10090,1
6401,0
7821,0
3622,0
1709,0
6529,0
4547,1
12962,1
10180,1
7659,0
5937,0
4492,0
12334,1
790,0
5535,1
12507,1
11009,1
2930,0
3616,1
1855,1
1880,0
15652,1
145,0
8059,0
1483,0
4806,0
367,0
9018,0
3129,0
7329,0
6328,0
15121,1
6177,1
11887,1
7132,1
3406,0
1077,0
11094,1
3457,1
11097,1
4034,0
8635,1
7419,0
671,0
3884,0
10630,1
6481,0
4177,0
14191,1
8758,0
2954,0
5165,0
4446,0
8583,0
7510,0
31,0
8372,0
2583,0
4776,0
192,0
12534,1
1468,1
2033,0
8536,0
6731,0
10060,1
9250,0
7999,0
14172,1
3168,1
6647,0
15429,1
4791,0
11156,1
1157,0
9204,0
15165,1
15051,1
7451,0
9962,1
13597,1
4405,0
357,1
6962,0
13270,1
6044,0
4910,0
9138,1
13378,1
7368,0
3035,1
11318,1
8108,0
14594,1
9241,0
6719,0
6663,0
6128,0
7831,0
6865,0
15776,1
10646,1
14356,1
9776,0
1004,0
4671,1
15509,1
1605,0
2252,0
15725,1
1594,0
14157,1
52,0
13873,1
481,0
12976,1
10309,1
9873,0
10364,1
2030,0
4591,0
2154,1
228,1
4878,0
5806,0
7634,0
1968,0
3402,0
7495,0
6323,0
11529,1
11461,1
2248,0
10052,1
9559,0
10793,1
14753,1
9721,0
1274,0
6616,0
8210,0
2653,0
9223,0
14040,1
14408,1
14213,1
15067,1
4167,0
10399,1
12604,1
1138,0
13113,1
12001,1
15469,1
8922,0
14919,1
14610,1
8459,0
589,1
14883,1
9758,0
7909,1
14375,1
11571,1
12167,1
6364,0
7926,1
2798,0
4337,0
8708,0
5640,1
14170,1
15356,1
10092,1
11132,1
11535,1
167,0
1669,0
4485,0
9992,0
7784,0
10415,1
4458,0
2937,0
8449,0
15424,1
12882,1
13073,1
13343,1
2005,1
13465,1
1845,1
2184,0
1725,0
7945,0
7768,0
13931,1
13671,1
4242,1
11774,1
11875,1
5030,0
1164,0
1216,0
15199,1
5511,0
8042,1
11406,1
3087,0
12069,1
1587,0
5158,0
12117,1
4945,0
4432,0
14716,1
13971,1
3970,0
8416,0
1205,0
11354,1
1034,0
13473,1
4954,0
5705,0
13978,1
11130,1
235,1
7699,0
13029,1
11940,1
5419,1
7060,0
496,0
6125,0
460,0
9623,0
4483,1
10280,1
2491,0
5083,0
12160,1
14486,1
15362,1
13643,1
6280,0
880,1
7323,0
1345,0
15387,1
9966,0
2975,0
5133,0
5429,0
11172,1
873,0
13264,1
5454,0
7995,0
5152,0
15288,1
3000,0
5815,0
8253,1
5908,1
4444,0
10320,1
14556,1
11972,1
12429,1
14893,1
8330,0
8060,1
8579,0
6779,1
11339,1
7199,0
14636,1
15530,1
15907,1
1726,0
13439,1
13768,1
6276,1
8362,0
1838,1
14237,1
6106,0
10456,1
1539,0
5681,0
14089,1
12028,1
2571,0
15835,1
8111,0
666,0
10763,1
10673,1
5385,1
11472,1
2203,0
2056,1
10222,1
633,0
2628,1
11000,1
14187,1
1584,0
3382,0
15346,1
12870,1
7839,0
5473,0
15106,1
6640,0
10839,1
316,1
593,0
8196,0
7193,0
3603,1
9867,0
9377,0
13234,1
9706,0
1938,0
2133,0
8054,1
11350,1
12645,1
5173,0
11436,1
3712,0
13762,1
1903,0
15674,1
3083,1
11304,1
14347,1
7807,0
9713,0
4204,0
8346,0
1548,0
7456,0
15519,1
8407,0
4020,0
4625,0
14398,1
4259,0
15840,1
6592,0
7998,1
166,1
13999,1
10973,1
1211,0
12280,1
7316,1
10210,1
7920,0
14116,1
11317,1
12188,1
3126,0
10342,1
4687,0
15152,1
11178,1
15592,1
127,1
1984,0
3564,1
14670,1
12953,1
6350,0
12351,1
1554,0
8374,1
11343,1
13356,1
4350,0
3845,0
11514,1
14211,1
11892,1
3381,0
884,0
1780,0
8461,0
8433,0
13043,1
13961,1
4383,0
6561,1
6096,0
1378,0
14378,1
11038,1
11659,1
13703,1
15724,1
15670,1
3546,0
7205,0
15094,1
15623,1
6101,1
12728,1
2112,0
8455,0
13780,1
9090,0
14250,1
2146,0
947,1
1590,0
7476,0
608,0
5780,0
12649,1
11708,1
6470,0
9579,0
10138,1
3810,0
3839,1
7073,0
14276,1
2884,0
11661,1
2643,0
12504,1
3268,1
11187,1
8028,0
13463,1
3115,0
14161,1
10083,1
1837,1
5731,1
11606,1
12144,1
3183,0
3002,0
2490,0
8497,0
946,1
229,0
13104,1
3971,0
11298,1
2109,0
11253,1
12287,1
14580,1
10113,1
7161,0
5412,1
4676,0
13382,1
12023,1
126,1
5490,0
2502,0
3205,1
15778,1
5370,1
9977,0
5269,1
825,0
8139,0
13321,1
10488,1
202,1
7145,0
6343,1
10343,1
12781,1
14020,1
11712,1
13014,1
6713,1
1886,0
13313,1
2087,1
10419,1
7178,0
9365,0
10696,1
14050,1
10586,1
11564,1
5696,0
10726,1
3313,0
9839,0
207,0
3587,0
11206,1
10152,1
12136,1
6206,0
1484,0
9968,0
7586,0
11456,1
15064,1
2213,1
2276,1
9347,0
8187,0
15361,1
15095,1
13487,1
12514,1
7021,0
2239,1
10287,1
3808,0
8626,1
8714,0
6284,1
3300,1
4087,0
12792,1
10569,1
13194,1
5136,0
14598,1
5316,0
10461,1
11267,1
14030,1
2578,0
14348,1
10706,1
13621,1
3078,0
13458,1
10739,1
6391,0
15447,1
10303,1
14825,1
954,1
3092,0
6504,0
5673,0
13608,1
4743,0
7709,0
2356,0
5254,0
1824,0
6452,0
14332,1
14715,1
13727,1
12153,1
14616,1
4829,0
12331,1
7787,0
14344,1
7932,0
2363,0
2680,0
11432,1
2394,0
4746,0
12252,1
11770,1
7032,0
14382,1
8545,0
7348,0
12387,1
1508,0
10840,1
12193,1
6060,1
2957,1
11815,1
14060,1
2913,0
15183,1
3992,0
11362,1
14706,1
14902,1
3365,1
14309,1
2205,0
4867,0
8095,1
10993,1
8197,0
3027,0
13257,1
4118,0
3116,0
15432,1
7801,1
6126,0
2054,0
5149,0
11957,1
9402,0
8491,0
907,1
13137,1
13937,1
7424,1
13640,1
10636,1
10030,1
1254,1
11476,1
6090,0
7096,1
9252,0
3668,1
14306,1
8881,0
14177,1
11591,1
12245,1
14479,1
12632,1
277,0
12476,1
9099,0
7050,0
11826,1
13984,1
4253,0
2845,1
5850,0
12182,1
12750,1
15061,1
10228,1
7571,1
5170,0
6523,0
2867,0
10637,1
14855,1
10718,1
14414,1
7763,0
9251,0
14300,1
15896,1
2740,0
9451,1
12258,1
9673,0
11719,1
3593,0
14602,1
12829,1
2283,0
6075,0
180,0
15791,1
1852,0
10451,1
10467,1
12411,1
6986,0
5186,0
6849,0
4029,0
9293,0
314,0
3237,0
4802,0
12052,1
10197,1
5757,0
15425,1
55,0
5508,0
13131,1
4647,0
73,0
14663,1
370,0
13158,1
10755,1
12483,1
12226,1
4236,0
12927,1
3344,0
14606,1
14261,1
2669,0
10737,1
2788,0
12208,1
14811,1
14796,1
9109,0
14311,1
8234,1
8009,0
8747,0
10098,1
10356,1
4178,0
1653,1
14242,1
5510,1
10380,1
11055,1
15574,1
4628,0
14520,1
15337,1
13139,1
5794,0
8224,0
4241,0
12836,1
12230,1
10620,1
13273,1
10814,1
4529,1
10310,1
1482,0
2662,1
5057,1
8642,0
14539,1
12388,1
9757,0
1103,0
8879,0
1146,0
10074,1
13969,1
15062,1
9004,0
13752,1
7622,0
253,0
11683,1
6920,0
4233,0
9060,1
6264,0
6964,1
2824,0
9878,0
10155,1
3850,0
14308,1
11610,1
2632,0
8220,1
1540,0
12291,1
13412,1
8791,0
263,0
5342,0
3814,0
9119,1
1490,0
836,0
13451,1
10234,1
5200,0
437,0
3438,0
9823,0
5549,0
11955,1
4435,1
13512,1
6790,0
3466,0
8282,0
15728,1
7294,0
3210,0
11540,1
13070,1
15453,1
15885,1
12262,1
8273,0
12812,1
1435,0
8350,0
2784,0
12737,1
10640,1
1028,0
9430,0
11229,1
876,0
10574,1
13817,1
12726,1
920,0
6442,0
3075,0
8489,0
4886,0
15454,1
6733,0
15742,1
14933,1
9918,0
13046,1
8937,0
5807,0
13312,1
12552,1
8297,0
10476,1
14880,1
15299,1
128,0
14082,1
12042,1
14251,1
7567,1
5614,0
2869,0
6490,0
7306,0
10786,1
140,0
1695,0
10283,1
4557,0
9339,0
9820,0
11311,1
1948,0
11930,1
8444,0
11421,1
6562,1
12452,1
11464,1
11764,1
12567,1
6398,0
4693,0
13142,1
6668,0
12533,1
351,0
10186,1
13928,1
14976,1
5007,1
11756,1
1661,0
14721,1
3390,0
12968,1
1417,0
564,0
3917,1
4093,1
9083,0
6194,0
574,0
8995,0
1811,0
1579,0
11801,1
14671,1
8270,0
7758,0
8109,0
61,0
9035,0
54,1
6179,0
7103,1
7698,1
5644,0
8703,0
2603,0
5552,0
9213,0
13867,1
5268,0
11238,1
8476,0
7410,0
14412,1
5280,1
5023,0
13195,1
8901,0
4949,0
11835,1
440,0
12743,1
5111,0
11319,1
2157,0
5688,0
9785,0
13832,1
9385,0
4391,0
14006,1
8177,0
13102,1
3875,0
4419,0
14280,1
10318,1
10171,1
13084,1
2773,0
11370,1
11711,1
5786,0
10731,1
11831,1
3864,0
7180,0
8695,0
9663,0
6950,0
982,0
12353,1
4847,0
13422,1
1126,0
12085,1
6028,1
11327,1
14129,1
6147,0
7894,1
3338,0
15767,1
4010,0
15316,1
5528,0
1555,1
11310,1
7682,0
230,0
6399,1
15549,1
14403,1
10351,1
1328,1
10621,1
1794,0
1978,0
4785,0
1135,0
10047,1
6142,0
8022,1
8265,1
2145,0
6656,0
13376,1
9753,0
6033,0
14672,1
13903,1
10945,1
371,0
13120,1
15290,1
8534,0
3132,0
6907,0
12794,1
11174,1
2461,0
11074,1
11911,1
1936,0
8996,0
15071,1
1239,0
11788,1
2330,0
10801,1
8588,0
4323,1
6844,0
11475,1
8382,0
11956,1
10544,1
12855,1
4343,1
11227,1
1730,0
3364,0
4846,0
14587,1
11869,1
5293,0
6449,1
12090,1
9216,0
13504,1
10857,1
9331,0
2614,1
1043,0
11704,1
12790,1
14316,1
1626,1
3703,1
11937,1
362,0
14218,1
5551,0
4361,1
14182,1
200,0
7491,0
6393,0
766,0
11204,1
5338,1
13870,1
15382,1
7644,0
5638,0
3166,1
303,0
1333,0
3403,0
10921,1
14189,1
10664,1
4738,1
7011,0
14959,1
5778,0
11997,1
11766,1
4696,0
13664,1
12739,1
10613,1
11286,1
1700,0
8284,0
2675,0
244,0
1688,0
4832,0
8805,0
138,1
10184,1
9158,0
5090,0
8010,1
8986,0
581,1
5224,0
11845,1
6803,1
4940,0
15258,1
6501,0
1564,0
1337,0
14538,1
6755,0
13280,1
15096,1
12520,1
1185,0
9015,0
5616,0
8502,0
1305,1
9166,1
6341,0
10654,1
3472,0
3583,1
3236,0
2270,1
10560,1
6137,1
11631,1
7063,0
5180,0
15351,1
13725,1
2019,0
12394,1
8495,1
7160,0
14212,1
3767,0
12690,1
3657,0
6594,1
15874,1
8722,0
11877,1
1046,1
1747,0
13929,1
3346,0
12370,1
9715,0
13268,1
1465,0
3983,1
8468,0
6762,0
6430,0
7190,0
3641,0
14828,1
9361,0
8617,0
12340,1
306,1
2208,1
5773,0
2948,0
3728,0
9498,0
15800,1
6644,0
1344,1
4807,0
14352,1
10790,1
15887,1
4803,0
12753,1
4922,1
13353,1
4688,0
1926,0
5995,0
14034,1
13601,1
8735,0
9773,0
11024,1
442,0
9687,0
879,0
13559,1
14754,1
3956,0
2953,0
11636,1
8274,0
6056,0
4070,0
12922,1
9686,0
12231,1
8387,0
1064,0
6921,0
8533,0
11586,1
7547,0
14373,1
10552,1
9560,1
3211,0
10992,1
1518,0
5264,1
103,0
5698,0
2563,0
11676,1
9479,0
4503,0
15682,1
131,0
7925,0
14898,1
15711,1
3726,1
9357,1
555,1
15342,1
11944,1
6396,0
703,0
13887,1
12073,1
14546,1
6781,0
7708,0
2042,0
9,0
3294,1
9407,0
14852,1
10463,1
7345,0
1986,0
9421,0
6886,0
4943,0
250,0
7753,0
11619,1
9756,1
7458,0
11576,1
11197,1
15225,1
4388,0
12356,1
12277,1
11071,1
2236,1
5130,0
8633,0
3944,0
2348,0
6954,0
9818,0
2770,0
700,0
12362,1
583,0
4077,0
8501,0
3509,0
1249,0
6919,0
14017,1
13360,1
14361,1
13375,1
10079,1
15501,1
3920,0
13175,1
8829,0
755,0
10996,1
12063,1
8053,0
6121,0
4709,0
3259,0
3351,0
8021,0
11068,1
1872,0
3080,0
12453,1
12106,1
10495,1
3079,0
10499,1
12256,1
6120,0
10598,1
14967,1
12944,1
4645,0
9025,0
2865,0
8988,0
4835,0
14973,1
14391,1
11146,1
7735,1
4774,0
259,0
2165,0
12267,1
9302,0
4788,0
8494,0
3659,1
1121,0
11598,1
8874,0
1263,0
4404,0
11072,1
6010,0
7223,1
8751,0
12815,1
1309,0
3371,1
6825,0
2597,0
14291,1
4544,0
14988,1
10848,1
1132,0
14340,1
6694,0
14143,1
9694,0
9637,0
12283,1
5223,0
5984,0
9802,0
4316,1
11167,1
1313,0
7400,1
5809,0
2335,1
15895,1
12017,1
3055,0
4181,0
11812,1
11045,1
902,0
10176,1
9877,1
330,0
3952,0
7030,0
5321,0
13322,1
4854,0
14937,1
503,0
15890,1
11086,1
13869,1
14654,1
15457,1
14113,1
305,0
10779,1
11155,1
11761,1
14517,1
6319,0
5613,0
15234,1
4772,0
6687,0
13650,1
3528,0
13809,1
15207,1
10478,1
9575,0
1171,1
14365,1
6266,0
11369,1
14908,1
14866,1
5877,0
3575,0
227,1
10130,1
2727,0
7570,1
10820,1
3282,0
13833,1
6353,0
7761,0
14000,1
1932,0
4076,1
740,0
2746,0
2528,0
13095,1
4312,1
13153,1
8894,0
12000,1
11891,1
15112,1
15615,1
8102,0
15765,1
516,1
5532,0
7901,0
5389,0
14982,1
9391,0
15872,1
10082,1
1422,0
14664,1
1764,0
14717,1
4476,0
11041,1
9163,0
11931,1
2503,0
6226,1
9310,0
4415,0
1021,0
15653,1
9062,1
4962,0
3318,0
3811,0
3045,0
5544,0
9998,1
14814,1
9801,0
4330,0
3414,0
1261,0
12259,1
13660,1
2414,1
11395,1
4137,0
2649,0
6113,0
3843,1
2943,0
2599,0
14577,1
8674,1
14529,1
4394,0
1167,0
11181,1
171,0
8137,1
5513,0
4814,0
991,0
324,0
15123,1
12984,1
8961,0
13739,1
9078,1
10656,1
9294,0
9373,0
3330,0
7173,0
7775,0
4758,0
11750,1
8771,0
2489,0
8134,0
8557,0
13636,1
13803,1
3165,0
3309,0
9502,0
14996,1
10905,1
36,0
8001,0
13310,1
5547,1
7759,1
11063,1
9907,0
5943,0
4426,0
15486,1
12333,1
13159,1
15522,1
15898,1
10740,1
7704,0
12220,1
12149,1
2748,1
1359,0
5311,0
6961,0
15334,1
1130,0
15110,1
11981,1
4286,0
6303,1
10509,1
5307,1
7507,1
7301,0
15229,1
13716,1
11630,1
6414,0
8895,0
8639,0
9576,0
1364,0
7638,0
9226,0
15539,1
11199,1
13940,1
9426,1
9415,0
14331,1
2767,0
14639,1
12299,1
14464,1
10313,1
13228,1
746,0
7496,0
904,1
408,0
3415,1
395,0
8611,0
1620,0
8319,0
7232,0
12350,1
13974,1
5120,0
8907,0
5505,0
8577,1
2485,0
6881,0
1521,0
14433,1
6516,0
2743,1
1821,0
11415,1
2159,0
5055,0
9631,0
15585,1
4534,0
12098,1
3190,0
12535,1
8465,1
3591,0
5038,0
7150,0
10606,1
5466,0
14886,1
14969,1
53,1
8790,0
5350,1
4127,1
12582,1
3049,0
68,0
3766,0
14724,1
16,1
6566,0
9771,0
13770,1
10332,1
3445,0
7452,0
3497,1
10947,1
777,1
15580,1
7790,0
5514,1
10583,1
6211,0
10063,1
1600,0
8140,0
4822,1
10733,1
12496,1
13919,1
941,0
11621,1
11855,1
682,0
10773,1
9967,0
13789,1
5530,0
5108,0
2101,0
9323,1
7247,1
11910,1
3100,0
3540,0
12111,1
15149,1
9160,0
10502,1
12444,1
6613,0
12122,1
8624,0
9122,0
4363,0
14821,1
15495,1
2670,1
2540,1
8748,1
2418,1
10238,1
3687,0
13645,1
1145,0
923,0
6182,0
7188,0
3201,0
7923,0
13956,1
4090,0
467,1
1316,0
502,1
11968,1
8473,0
8959,0
1618,0
1227,0
15657,1
2400,0
3932,0
8794,1
12571,1
10708,1
5417,0
11040,1
1133,0
6948,1
8285,0
13522,1
12045,1
11611,1
2299,0
5148,0
8869,0
4359,0
14303,1
11235,1
5605,0
3945,0
1819,0
15440,1
2813,1
6546,0
7285,0
14954,1
15285,1
7097,0
10810,1
932,0
7663,0
433,1
5353,1
4751,1
6485,0
7338,1
1993,1
15553,1
14263,1
4059,0
12228,1
3887,0
3325,0
1729,0
6311,0
7415,0
15393,1
11480,1
12404,1
10170,1
9699,0
5300,0
7822,1
6067,0
13930,1
12400,1
10939,1
3869,0
6110,0
15562,1
12087,1
736,0
13246,1
2965,0
9304,0
8172,0
9886,0
8404,0
4955,0
12747,1
8915,1
5799,1
12487,1
10340,1
15462,1
15050,1
13967,1
12078,1
5195,0
15373,1
3058,0
8251,0
6418,0
9378,0
7194,0
7404,0
4310,0
4292,1
3972,0
8255,0
3608,0
10581,1
129,0
12609,1
7353,1
2158,0
3977,0
10293,1
12589,1
8419,0
10642,1
2466,0
7871,0
10897,1
9622,0
5691,0
11010,1
5084,0
11019,1
4075,0
8797,0
13468,1
7877,1
684,0
630,1
15581,1
3088,0
1607,0
9215,1
8693,1
887,0
2245,1
2357,0
13400,1
10979,1
8569,0
1186,0
5074,0
13598,1
8769,0
4805,0
11967,1
6367,0
13562,1
15466,1
5125,1
6165,1
3604,0
3491,0
1943,0
10506,1
13210,1
4115,0
14388,1
2469,1
5296,1
8891,0
10397,1
10800,1
464,0
14637,1
8619,0
4302,1
1792,0
6484,0
4708,0
11746,1
407,0
10575,1
1701,1
6244,0
4912,1
11779,1
9856,1
12775,1
4914,0
9237,1
12336,1
3053,0
6076,0
3717,0
971,0
15150,1
6225,0
14792,1
8268,0
13116,1
15031,1
3140,0
5344,0
10432,1
13296,1
4695,0
226,0
11986,1
15352,1
10533,1
12584,1
12963,1
4200,0
3960,0
11790,1
6062,0
10156,1
10177,1
12361,1
2641,0
14171,1
15468,1
13180,1
57,0
176,0
14627,1
1080,0
7875,0
4082,1
10870,1
3387,0
8653,0
7411,0
9326,1
5590,0
4015,0
13069,1
345,0
14232,1
12225,1
2487,0
447,0
3216,0
13516,1
8480,0
15510,1
11205,1
6621,1
12095,1
606,0
7711,1
9590,0
4346,1
12237,1
9537,0
3681,1
14471,1
14673,1
9050,0
13912,1
11795,1
4012,0
12858,1
14971,1
13200,1
2100,0
11020,1
9404,0
5874,0
8887,1
11272,1
3764,0
737,0
7631,0
10805,1
12179,1
14521,1
3563,0
4421,0
11806,1
2169,0
6549,0
8240,1
10239,1
8711,0
1573,0
6903,0
14779,1
816,0
3673,0
3721,0
11262,1
14513,1
9898,1
2386,0
8216,0
1565,0
6085,1
10971,1
14714,1
14037,1
10439,1
5197,0
6131,1
12877,1
3947,0
14735,1
6871,1
4117,0
142,0
6253,1
13834,1
2621,0
13052,1
4523,0
6570,0
7619,0
7679,0
15606,1
7354,0
2292,0
9305,0
3597,0
12616,1
101,0
8899,0
4294,0
8190,0
11474,1
10224,1
6572,0
12406,1
11478,1
6840,0
7033,0
1761,1
7555,0
12754,1
13005,1
7054,0
9846,0
9002,0
338,1
12885,1
10752,1
13837,1
9912,0
1699,0
7667,0
3555,1
2657,0
8269,1
10842,1
10179,1
10788,1
6379,0
12501,1
6521,0
9485,0
7929,0
9875,0
7377,0
8542,0
325,0
13986,1
5460,0
11379,1
7043,0
7785,0
7270,0
10039,1
2862,0
13990,1
1532,0
9608,0
14917,1
215,1
6998,1
5187,1
504,0
1899,0
10557,1
14058,1
3323,0
5556,0
7538,0
13381,1
12163,1
6438,0
14644,1
9640,0
5687,0
13731,1
14784,1
5278,1
12192,1
14440,1
12424,1
14341,1
9299,1
13719,1
9705,0
3702,0
12791,1
10596,1
3547,1
8976,0
3695,0
2196,1
1264,0
10121,1
2634,1
2608,0
8114,0
15074,1
7040,0
13240,1
1181,0
178,0
14248,1
13673,1
468,0
11843,1
14088,1
1917,1
12337,1
6943,0
7446,0
4303,1
1889,0
9127,1
10615,1
3280,1
14442,1
4825,0
15591,1
4935,0
4667,1
13144,1
10867,1
3516,0
14944,1
6756,1
2693,0
13829,1
2082,0
1225,0
12597,1
12806,1
9684,0
15301,1
3374,0
11220,1
11407,1
11517,1
10796,1
3508,0
1168,0
8408,0
7645,0
4112,0
1972,0
702,0
8290,0
3308,0
3020,0
6390,0
9238,0
949,1
2732,1
14024,1
13510,1
14259,1
10675,1
5591,0
3005,0
4706,0
10542,1
10972,1
10450,1
6861,0
15434,1
6657,0
3258,0
11884,1
7256,0
7856,0
7436,1
2706,0
543,1
11951,1
6628,0
8724,0
10822,1
10236,1
6171,0
3536,0
14148,1
9440,1
14141,1
968,0
13793,1
5447,0
13074,1
9102,0
2983,0
1069,1
576,0
2825,0
4287,1
7113,0
11615,1
10603,1
10430,1
1256,0
5581,0
14296,1
8600,1
7551,0
15450,1
15744,1
1953,0
5500,0
2560,1
12503,1
8188,0
12344,1
911,0
11363,1
12497,1
6898,0
7864,0
1269,0
10881,1
3862,0
11498,1
1638,0
3250,1
14579,1
2524,1
1674,1
15726,1
9817,0
6184,1
5838,1
10989,1
1652,0
8936,1
5865,0
13013,1
2267,0
5795,0
8075,1
11898,1
679,0
1689,1
2059,0
2197,0
13844,1
4467,0
9408,0
12684,1
14425,1
13993,1
2565,0
5550,0
3013,0
2176,0
11573,1
1630,1
1400,0
7657,0
6631,0
4240,0
1736,0
8477,1
237,1
10514,1
9954,0
2986,0
7979,0
11483,1
2776,0
7498,0
7746,0
13927,1
1350,0
7953,0
5115,1
10524,1
11927,1
4892,1
758,0
12909,1
8033,0
13224,1
13744,1
2470,0
2053,1
6461,0
5819,0
8750,0
12407,1
6300,0
14183,1
11025,1
7522,1
11381,1
8152,0
186,0
15403,1
9382,0
8347,1
7701,1
8784,1
2122,0
3023,0
13854,1
9864,0
9484,0
14862,1
8627,0
9782,0
10525,1
5484,1
15439,1
15114,1
4378,0
6697,0
5582,0
1678,0
5242,1
8973,0
301,0
2723,0
8930,0
7,1
8403,0
4793,0
8593,0
9558,1
13058,1
2733,0
12027,1
3069,1
1433,0
7593,0
7291,1
5579,0
9334,0
4980,1
9245,0
3291,0
10319,1
8281,0
3395,0
1257,0
4411,1
11905,1
13017,1
3039,0
4489,0
4193,0
14741,1
5851,0
3412,0
10265,1
3148,1
3951,1
10327,1
13285,1
3462,0
9834,1
13130,1
9442,0
9892,0
15336,1
1487,1
14942,1
3626,1
9598,0
3272,1
7941,0
12367,1
13925,1
3798,0
7031,1
9805,0
14062,1
1745,0
2183,0
7879,0
216,0
3284,0
2744,0
10891,1
8599,0
1485,1
7047,0
12879,1
4765,0
12386,1
15629,1
10802,1
7004,0
721,1
7584,0
15583,1
5297,1
11912,1
15408,1
13317,1
1991,0
9416,0
1514,0
14164,1
7075,0
7152,1
6637,0
13261,1
11808,1
9311,1
12994,1
8380,0
15405,1
3783,1
2083,0
3993,0
5750,1
3585,0
2355,1
2855,0
1912,1
3208,0
8271,0
7950,0
7195,0
3953,0
1403,0
7332,0
3377,1
2492,1
9652,1
8680,1
4481,0
6538,1
9333,0
2321,0
15913,1
5743,0
15082,1
8453,1
10269,1
8221,1
10286,1
14451,1
3569,1
978,0
988,0
12465,1
6208,0
8235,0
5911,0
10732,1
15625,1
749,0
14568,1
4599,0
14144,1
2828,0
11950,1
3286,0
5946,0
1985,1
15195,1
4959,0
14903,1
8848,0
10666,1
10835,1
530,0
10307,1
1493,0
9971,0
11594,1
5848,0
3474,0
4542,0
11133,1
6884,0
6863,0
7684,0
6650,0
273,0
13735,1
12880,1
6249,0
3750,0
560,0
13535,1
6218,0
8793,0
11391,1
14515,1
7927,1
